Ambler class	Protein name	Alternative protein names	Subfamily	GenPeptID	GenBankID	PubMedID (DOI)	Sequence	Number of PDB structures	Mutants	Phenotype	Functional information	Natural (N) or acquired (A)
C	CMY-1		MOX-1-like	CAA63264	X92508	8843306 (—)	view			1 and 1e		A
C	CMY-2	CMY-123,LAT-2	CMY-2-like	AIM49619	KJ909290	8787910 (—) 11959544 (DOI)	view	2		1 and 1e		A
C	CMY-2b		CMY-2-like	AAB80855	U77414	9231418 (DOI)	view					A
C	CMY-3			Assigned	—	9593136 (—)	view			1 and 1e		A
C	CMY-4		CMY-2-like	KSY23356	LNHZ01000079	9868767 (DOI)	view			1 and 1e		A
C	CMY-5		CMY-2-like	CAB50867	Y17716	10348751	view			1 and 1e		A
C	CMY-6	LAT-3	CMY-2-like	AEN71420	JF503991	11959544 (DOI) 9818739 (DOI)	view			1 and 1e		A
C	CMY-7		CMY-2-like	AAZ99136	DQ173300		view			1 and 1e		A
C	CMY-8		MOX-1-like	BAD89188	AB201268		view					A
C	CMY-8b		MOX-1-like	AAZ03413	DQ094251		view					A
C	CMY-9		MOX-1-like	BAB72158	AB061794	12121914 (DOI)	view			1 and 1e		A
C	CMY-10		MOX-1-like	AAK59969	AF381615	15383166 (DOI)	view	5		1 and 1e		A
C	CMY-11		MOX-1-like	AAK31370	AF357599	15380255 (DOI)	view			1 and 1e		A
C	CMY-12		CMY-2-like	CAA76382	Y16785	12407124 (DOI)	view			1 and 1e		A
C	CMY-13		CMY-2-like	EEH94734	ACDJ02000023	15273143 16048979	view			1 and 1e		A
C	CMY-14		CMY-2-like	ACC60954	EU600193	15504832 (DOI)	view			1 and 1e		A
C	CMY-15		CMY-2-like	CAD88477	AJ555823	15504832 (DOI)	view			1 and 1e		A
C	CMY-16		CMY-2-like	AGO62642	JX442976	16436718 (DOI)	view			1 and 1e		A
C	CMY-17		CMY-2-like	AAS13399	AY513266		view			1 and 1e		A
C	CMY-18		CMY-2-like	AAU95778	AY743434	16584308 (DOI)	view			1 and 1e		A
C	CMY-19		MOX-1-like	BAE48233	AB194410	16436707 (DOI)	view			1 and 1e		A
C	CMY-20		CMY-2-like	AAX58682	AY960293	18207348 (DOI)	view			1 and 1e		A
C	CMY-21		CMY-2-like	AAZ66866	DQ139328	16716570 16879949	view			1 and 1e		A
C	CMY-22		CMY-2-like	ABB72431	DQ256079		view			1 and 1e		A
C	CMY-23		CMY-2-like	ABD94117	DQ438952	18217551 (DOI)	view			1 and 1e		A
C	CMY-24		CMY-2-like	ABN69070	EF415650	17587551 (DOI)	view			1 and 1e		A
C	CMY-25		CMY-2-like	EHL84218	ADLG01000012	19523051 (DOI)	view			1 and 1e		A
C	CMY-26		CMY-2-like	BAF56185	AB300358	17720829 (DOI)	view			1 and 1e		A
C	CMY-27		CMY-2-like	ACA30421	EU515250	19523051 (DOI)	view			1 and 1e		A
C	CMY-28		CMY-2-like	ABQ51091	EF561644		view			1 and 1e		A
C	CMY-29		CMY-2-like	ABS12248	EF685371	19414570 (DOI)	view			1 and 1e		A
C	CMY-30		CMY-2-like	KRR92472	LMYO01000054	19414570 (DOI)	view			1 and 1e		A
C	CMY-31		CMY-2-like	ABR18736	EF622224	18065410 (DOI)	view			1 and 1e		A
C	CMY-32		CMY-2-like	ACA97846	EU496815	19938877 (DOI)	view			1 and 1e		A
C	CMY-33		CMY-2-like	ACA97847	EU496816	19414578 (DOI)	view			1 and 1e		A
C	CMY-34		CMY-2-like	ABN51006	EF394370		view			1 and 1e		N (Citrobacter freundii)
C	CMY-35		CMY-2-like	ABN51007	EF394371		view			1 and 1e		N (Citrobacter freundii)
C	CMY-36		CMY-2-like	AAB46884	S83226	19104021 (DOI)	view			1 and 1e		A
C	CMY-37		CMY-2-like	BAF36388	AB280919	18619820 (DOI)	view			1 and 1e		N (Citrobacter freundii)
C	CMY-38		CMY-2-like	CAP60699	AM931008	18458126 (DOI)	view			1 and 1e		A
C	CMY-39		CMY-2-like	BAF95726	AB372224		view			1 and 1e		N (Citrobacter freundii)
C	CMY-40		CMY-2-like	ACA30422	EU515251	19523051 (DOI)	view			1 and 1e		A
C	CMY-41		CMY-2-like	BAG14343	AB429270	19343954	view			1 and 1e		N (Citrobacter freundii)
C	CMY-42		CMY-2-like	ADM21467	HM146927	21388298 (DOI)	view			1 and 1e		A
C	CMY-43		CMY-2-like	ACJ05361	FJ360626		view			1 and 1e		A
C	CMY-44		CMY-2-like	ACJ65711	FJ437066	19414578 (DOI)	view			1 and 1e		A
C	CMY-45		CMY-2-like	CBB16411	FN546177	21402851 (DOI)	view			1 and 1e		A
C	CMY-46		CMY-2-like	CBH19182	FN556186		view			1 and 1e		A
C	CMY-47		CMY-2-like	ADH82410	HM046998		view			1 and 1e		N (Citrobacter freundii)
C	CMY-48		CMY-2-like	ADP02979	HM569226		view			1 and 1e		N (Citrobacter freundii)
C	CMY-49		CMY-2-like	ACV32310	GQ402541	20110384 (DOI)	view			1 and 1e		N (Citrobacter freundii)
C	CMY-50		CMY-2-like	CBI75447	FN645444		view			1 and 1e		A
C	CMY-51		CMY-2-like	AFK73431	JQ733571		view			1 and 1e		A
C	CMY-52			Assigned						1 and 1e		
C	CMY-53		CMY-2-like	ADQ38362	HQ336940	21820821 (DOI)	view			1 and 1e		A
C	CMY-54		CMY-2-like	ADK55604	HM544039		view			1 and 1e		A
C	CMY-55		CMY-2-like	ADK55605	HM544040		view			1 and 1e		A
C	CMY-56		CMY-2-like	ADT91162	HQ322613		view			1 and 1e		A
C	CMY-57		CMY-2-like	ADP37961	HQ285243		view			1 and 1e		A
C	CMY-58		CMY-2-like	ADY19254	HQ185697	21444697 (DOI)	view			1 and 1e		A
C	CMY-59		CMY-2-like	WP_063859852	NG_048854	21930573 (DOI)	view			1 and 1e		A
C	CMY-60		CMY-2-like	AEM97672	JF460794		view			1 and 1e		A
C	CMY-61		CMY-2-like	AEM97673	JF460795		view			1 and 1e		A
C	CMY-62		CMY-2-like	AEM97674	JF460796		view			1 and 1e		A
C	CMY-63		CMY-2-like	AET07387	HQ650104		view			1 and 1e		N (Citrobacter freundii)
C	CMY-64		CMY-2-like	ADW84690	HQ832678		view			1 and 1e		A
C	CMY-65		CMY-2-like	ABO09820	EF426097	25501887 (DOI)	view			1 and 1e		N (Citrobacter freundii)
C	CMY-66		CMY-2-like	AEZ49849	JN714478	25501887 (DOI)	view			1 and 1e		A
C	CMY-67		CMY-2-like	AFK08541	JQ711185	25501887 (DOI)	view			1 and 1e		N (Citrobacter freundii)
C	CMY-68		CMY-2-like	AEZ49855	JN714480	25501887 (DOI)	view			1 and 1e		N (Citrobacter freundii)
C	CMY-69		CMY-2-like	AGE45504	JX049132		view			1 and 1e		A
C	CMY-70		CMY-2-like	KKC62625	LAMY01000095	25501887 (DOI)	view			1 and 1e		A
C	CMY-71	CMY-126	CMY-2-like	AFK08538	JQ711184	25501887 (DOI)	view			1 and 1e		N (Citrobacter freundii)
C	CMY-72		CMY-2-like	AAK32688	AF349570		view			1 and 1e		N (Citrobacter freundii)
C	CMY-73		CMY-2-like	ACU00152	GQ351345		view			1 and 1e		N (Citrobacter freundii)
C	CMY-74		CMY-2-like	AFU25632	JX440349	25501887 (DOI)	view			1 and 1e		N (Citrobacter freundii)
C	CMY-75		CMY-2-like	AAK32687	AF349569		view			1 and 1e		N (Citrobacter freundii)
C	CMY-76		CMY-2-like	AFK73437	JQ733573		view			1 and 1e		N (Citrobacter freundii)
C	CMY-77		CMY-2-like	AFU25644	JX440353		view			1 and 1e		N (Citrobacter freundii)
C	CMY-78		CMY-2-like	AFK73443	JQ733575		view			1 and 1e		N (Citrobacter freundii)
C	CMY-79		CMY-2-like	AFK73446	JQ733576		view			1 and 1e		N (Citrobacter freundii)
C	CMY-80		CMY-2-like	AFK73449	JQ733577		view			1 and 1e		N (Citrobacter freundii)
C	CMY-81		CMY-2-like	AFK73452	JQ733578		view			1 and 1e		N (Citrobacter freundii)
C	CMY-82		CMY-2-like	AHL39324	KJ207203		view			1 and 1e		N (Citrobacter freundii)
C	CMY-83		CMY-2-like	AFU25638	JX440351	25501887 (DOI)	view			1 and 1e		N (Citrobacter freundii)
C	CMY-84		CMY-2-like	AFK73455	JQ733579		view			1 and 1e		N (Citrobacter freundii)
C	CMY-85		CMY-2-like	AHL39322	KJ207202		view			1 and 1e		N (Citrobacter freundii)
C	CMY-86		CMY-2-like	AHL39327	KJ207204		view			1 and 1e		N (Citrobacter freundii)
C	CMY-87		CMY-2-like	BAL63057	AB699171		view			1 and 1e		A
C	CMY-88			Assigned						1 and 1e		
C	CMY-89		CMY-2-like	CCK86742	HE819403	24267783 (DOI)	view			1 and 1e		N (Citrobacter freundii)
C	CMY-90		CMY-2-like	CCK86743	HE819404	24267783 (DOI)	view			1 and 1e		N (Citrobacter freundii)
C	CMY-91			Assigned						1 and 1e		
C	CMY-92			Assigned						1 and 1e		
C	CMY-93		CMY-2-like	AHM76768	KF992025	25501887 (DOI)	view			1 and 1e		N (Citrobacter freundii)
C	CMY-94		CMY-2-like	AGC54798	JX514368	23302581 (DOI)	view			1 and 1e		A
C	CMY-95		CMY-2-like	AGC54799	JX514369	23302581 (DOI)	view			1 and 1e		A
C	CMY-96		CMY-2-like	AFZ85212	KC007362		view			1 and 1e		A
C	CMY-97		CMY-2-like	AFZ85213	KC007363		view			1 and 1e		A
C	CMY-98*		CMY-2-like	AGH70380	KC603538		view			1 and 1e		N (Citrobacter freundii)
C	CMY-99		CMY-2-like	AGU59995	KF305673	24165184 (DOI)	view			1 and 1e		A
C	CMY-100		CMY-2-like	AHA80101	KF526113	24916079 (DOI)	view			1 and 1e		N (Citrobacter freundii)
C	CMY-101		CMY-2-like	EOQ33708	ASQL01000002	24916079 (DOI)	view			1 and 1e		A
C	CMY-102		CMY-2-like	AHA80103	KF526115	24916079 (DOI)	view			1 and 1e		A
C	CMY-103		CMY-2-like	AHA80104	KF526116	24916079 (DOI)	view			1 and 1e		N (Citrobacter freundii)
C	CMY-104		CMY-2-like	AGR82311	KF150216		view			1 and 1e		N (Citrobacter freundii)
C	CMY-105		CMY-2-like	AHL39330	KJ207205		view			1 and 1e		N (Citrobacter freundii)
C	CMY-106		CMY-2-like	AJH76980	KM983294		view			1 and 1e		N (Citrobacter freundii)
C	CMY-107		CMY-2-like	ADD17018	GQ162215	26438499 (DOI)	view			1 and 1e		A
C	CMY-108		CMY-2-like	AGZ20169	KF564648	24500191 (DOI)	view			1 and 1e		A
C	CMY-109		CMY-2-like	CAG34070	AJ746169		view			1 and 1e		N (Citrobacter freundii)
C	CMY-110		CMY-2-like	BAO05497	AB872957		view			1 and 1e		A
C	CMY-111		CMY-2-like	AHW47897	KJ155695		view			1 and 1e		A
C	CMY-112		CMY-2-like	AIT76090	KM087837		view			1 and 1e		N (Citrobacter freundii)
C	CMY-113		CMY-2-like	AIT76089	KM087836		view			1 and 1e		N (Citrobacter freundii)
C	CMY-114		CMY-2-like	AIT76099	KM087846		view			1 and 1e		N (Citrobacter freundii)
C	CMY-115		CMY-2-like	AIT76092	KM087839		view			1 and 1e		N (Citrobacter freundii)
C	CMY-116		CMY-2-like	AIT76093	KM087840		view			1 and 1e		N (Citrobacter freundii)
C	CMY-117		CMY-2-like	AIT76097	KM087844		view			1 and 1e		N (Citrobacter freundii)
C	CMY-118		CMY-2-like	AIT76091	KM087838		view			1 and 1e		N (Citrobacter freundii)
C	CMY-119		CMY-2-like	AIT76098	KM087845		view			1 and 1e		N (Citrobacter freundii)
C	CMY-120			Assigned						1 and 1e		
C	CMY-121		CMY-2-like	AIZ48988	KM507172		view			1 and 1e		A
C	CMY-122		CMY-2-like	AKO62859	KM985460		view			1 and 1e		N (Citrobacter freundii)
C	CMY-123	CMY-2		—	—	—(—)						
C	CMY-124		CMY-2-like	AKO62861	KM985462		view			1 and 1e		N (Citrobacter freundii)
C	CMY-125		CMY-2-like	AKO62862	KM985463		view			1 and 1e		N (Citrobacter freundii)
C	CMY-126	CMY-71		—	—	—(—)						
C	CMY-127		CMY-2-like	AKO62864	KM985465		view			1 and 1e		N (Citrobacter freundii)
C	CMY-128		CMY-2-like	AKO62865	KM985466		view			1 and 1e		N (Citrobacter freundii)
C	CMY-129		CMY-2-like	AKO62866	KM985467		view			1 and 1e		N (Citrobacter freundii)
C	CMY-130		CMY-2-like	AKI06385	KP207589	26048440 (DOI)	view			1 and 1e		A
C	CMY-131		CMY-2-like	AKG51729	KP281294		view			1 and 1e		A
C	CMY-132		CMY-2-like	AKZ20822	KP862820		view			1 and 1e		A
C	CMY-133		CMY-2-like	AKZ20821	KP862819		view			1 and 1e		A
C	CMY-134		CMY-2-like	AKA60779	KP860987	25779568 (DOI)	view			1 and 1e		A
C	CMY-135		CMY-2-like	AKP17985	KP981366		view			1 and 1e		N (Citrobacter freundii)
C	CMY-136		CMY-2-like	AVR61040	MG844436	30788955 (DOI)	view	1		1 and 1e		A
C	CMY-137		CMY-2-like	WP_053390271	NZ_LIDR01000193		view			1 and 1e		N (Citrobacter freundii WCHCF65)
C	CMY-138		CMY-2-like	ALM96710	KT997883		view			1 and 1e		A
C	CMY-139		CMY-2-like	AMK49571	KU641016		view			1 and 1e		A
C	CMY-140		CMY-2-like	ANJ78051	KX354367		view			1 and 1e		A
C	CMY-141		CMY-2-like	ANS56705	KX537750		view			1 and 1e		A
C	CMY-142		CMY-2-like	AOS70335	KX881969		view			1 and 1e		A
C	CMY-143		CMY-2-like	AOX21805	KY009534		view			1 and 1e		A
C	CMY-144		CMY-2-like	APC23883	KY066478		view			1 and 1e		N (Citrobacter freundii)
C	CMY-145		CMY-2-like	APD79118	KX470426		view			1 and 1e		A
C	CMY-146		CMY-2-like	APD79117	KX034085		view			1 and 1e		A
C	CMY-147		CMY-2-like	AQM40187	KY563765		view			1 and 1e		A
C	CMY-148		CMY-2-like	AQS23583	KY624573		view			1 and 1e		A
C	CMY-149		CMY-2-like	AQS23584	KY624574		view			1 and 1e		A
C	CMY-150		CMY-2-like	ARQ85811	MF085377		view			1 and 1e		N (Citrobacter freundii)
C	CMY-151		CMY-2-like	ARE65229	KY780116		view			1 and 1e		N (Citrobacter freundii D36-1)
C	CMY-152		CMY-2-like	ARM19732	KY978224		view			1 and 1e		N (Citrobacter freundii CWH001)
C	CMY-153		CMY-2-like	ARQ85812	MF042206		view			1 and 1e		A
C	CMY-154		CMY-2-like	ARX70574	MF196231		view			1 and 1e		A
C	CMY-155		CMY-2-like	ALF62843	KR261698		view			1 and 1e		A
C	CMY-156		CMY-2-like	ATD84840	MF770636		view			1 and 1e		A
C	CMY-157		CMY-2-like	ASW32315	MF795088		view			1 and 1e		N (Citrobacter sp.)
C	CMY-158		CMY-2-like	ATD84841	MF804901		view			1 and 1e		A
C	CMY-159		CMY-2-like	ATD84842	MF804902		view			1 and 1e		A
C	CMY-160		CMY-2-like	AWI33313	MH243359		view			1 and 1e		A
C	CMY-161		CMY-2-like	AVP74338	MH067963		view			1 and 1e		A
C	CMY-162		CMY-2-like	AWR93229	MH378228		view			1 and 1e		A
C	CMY-163		CMY-2-like	AWU66456	MH450208		view			1 and 1e		A
C	CMY-164		CMY-2-like	QCT85446	MK965968		view			1 and 1e		A
C	CMY-165		CMY-2-like	QDM39443	MN104598		view			1 and 1e		A
C	CMY-166		CMY-2-like	QDM39447	MN128596		view			1 and 1e		A
C	CMY-167		CMY-2-like	QDY98371	MN219694		view			1 and 1e		A
C	CMY-168		CMY-2-like	QFR38193	MN550986		view			1 and 1e		A
C	CMY-169		CMY-2-like	QFR38194	MN550987		view			1 and 1e		A
C	CMY-170		CMY-2-like	QFR38195	MN550988		view			1 and 1e		A
C	CMY-171		CMY-2-like	QHD25689	MN164523		view			1 and 1e		A
C	CMY-172		CMY-2-like	MTZ79300	WNQH01000063	34044150 (DOI)	view			1 and 1e		A
C	CMY-173			Assigned								
C	CMY-174		CMY-2-like	QQL36767	CP066542		view			1 and 1e		A
C	CMY-175		CMY-2-like	QVO43829	MZ092822		view			1 and 1e		N (Citrobacter freundii)
C	CMY-176		CMY-2-like	MBJ9337561	JADVIT010000011		view			1 and 1e		N (Citrobacter freundii)
C	CMY-177		CMY-2-like	UBL87560	OK217282		view			1 and 1e		A
C	CMY-178		CMY-2-like	UDF87831	OK554431		view					A
C	CMY-179		CMY-2-like	MBC6501781	JAACOI010000003		view			1 and 1e		N (Citrobacter freundii)
C	CMY-180		CMY-2-like	AYL78128	CP024672		view					N (Citrobacter freundii)
C	CMY-181		CMY-2-like	EGT0516627	AAXUDL010000004		view					N (Citrobacter freundii)
C	CMY-182		CMY-2-like	AUV24482	CP026235		view					N (Citrobacter freundii complex sp. CFNIH3)
C	CMY-183		CMY-2-like	AUV45551	CP026238		view					N (Citrobacter freundii complex sp. CFNIH9)
C	CMY-184		CMY-2-like	WAK12379	OP950674		view					A
A	CTX-M-1	MEN-1	CTX-M-1-like	ABK06383	DQ915955	8834913 (—)	view			2be	ESBL	A
A	CTX-M-2		CTX-M-2-like	BAD34451	AB176535	8834913 (—)	view			2be	ESBL	A
A	CTX-M-3	CTX-M-133,KLUB-1		—	—	—(—)	view					
A	CTX-M-4		CTX-M-2-like	CAA74573	Y14156	9593162 (—)	view			2be	ESBL	A
A	CTX-M-5	KLUA-2		—	—	—(—)	view					
A	CTX-M-6		CTX-M-2-like	CAA06311	AJ005044	9742701 (DOI)	view			2be	ESBL	A
A	CTX-M-7		CTX-M-2-like	CAA06312	AJ005045	9742701 (DOI)	view			2be	ESBL	A
A	CTX-M-8		CTX-M-8-like	AAF04388	AF189721	10858358 (DOI)	view			2be	ESBL	A
A	CTX-M-9		CTX-M-9-like	AAZ30046	DQ108615	10858363 (DOI) 12121950 (DOI)	view	29	3	2be	ESBL	A
A	CTX-M-10		CTX-M-1-like	AAF65843	AF255298	11158766 (DOI)	view			2be	ESBL	A
A	CTX-M-11	CTX-M-P44		—	—							
A	CTX-M-12		CTX-M-1-like	KJL64335	JZXT01000050	11408239 (DOI)	view			2be	ESBL	A
A	CTX-M-13		CTX-M-9-like	AAF72531	AF252623	11850241 (DOI)	view			2be	ESBL	A
A	CTX-M-14	CTX-M-18,KLUY-1,Toho-3,UOE-2		—	—	—(—)	view					
A	CTX-M-15	UOE-1	CTX-M-1-like	AEQ20893	JN788266	11470367 (DOI) 26169409 (DOI)	view	31		2be	ESBL	A
A	CTX-M-16		CTX-M-9-like	AAK32961	AY029068	11451684 (DOI)	view	1		2be	ESBL	A
A	CTX-M-17		CTX-M-9-like	AAK71471	AY033516	11959547 (DOI)	view			2be	ESBL	A
A	CTX-M-18	CTX-M-14,KLUY-1,Toho-3,UOE-2		—	—	—(—)						
A	CTX-M-19		CTX-M-9-like	CDF31571	HG000669	11709308 (DOI)	view			2be	ESBL	A
A	CTX-M-20		CTX-M-2-like	CAC95175	AJ416344	12007800 (DOI)	view			2be	ESBL	A
A	CTX-M-21		CTX-M-9-like	CAD08929	AJ416346	12007800 (DOI)	view			2be	ESBL	A
A	CTX-M-22		CTX-M-1-like	AAX58181	AY954529	16533535 (DOI)	view			2be	ESBL	A
A	CTX-M-23		CTX-M-1-like	AAL99990	AF488377	15201232 (DOI)	view			2be	ESBL	A
A	CTX-M-24		CTX-M-9-like	ABN48310	EF374096	16533535 (DOI)	view			2be	ESBL	A
A	CTX-M-25		CTX-M-25-like	AAM70498	AF518567	15561863 (DOI)	view			2be	ESBL	A
A	CTX-M-26		CTX-M-25-like	AAN75444	AY157676	12493817 (DOI) 15561863 (DOI)	view			2be	ESBL	A
A	CTX-M-27		CTX-M-9-like	AAO61597	AY156923	12775683 (DOI)	view	4		2be	ESBL	A
A	CTX-M-28		CTX-M-1-like	ABS12043	EF545555	18603686 (DOI)	view			2be	ESBL	A
A	CTX-M-29		CTX-M-1-like	AAP22736	AY267213	16533535 (DOI)	view			2be	ESBL	A
A	CTX-M-30		CTX-M-1-like	AAP43508	AY292654	15504875 (DOI)	view			2be	ESBL	A
A	CTX-M-31		CTX-M-2-like	CAD99182	AJ567482	12936986 (DOI)	view			2be	ESBL	A
A	CTX-M-32		CTX-M-1-like	AOG15804	KT459669	15155242 (DOI)	view			2be	ESBL	A
A	CTX-M-33		CTX-M-1-like	AAO88912	AY238472	17234386 (DOI) 31527021 (DOI)	view			2be	ESBL	A
A	CTX-M-34		CTX-M-1-like	AAR99493	AY515297	16244084 (DOI)	view			2be	ESBL	A
A	CTX-M-35		CTX-M-2-like	BAD83774	AB176533	—(—)	view			2be	ESBL	A
A	CTX-M-36		CTX-M-1-like	SAD14715	FKBV01000019	—(—)	view			2be	ESBL	A
A	CTX-M-37	KLUB-2		—	—	—(—)	view					
A	CTX-M-38		CTX-M-9-like	AAV70602	AY822595	—(—)	view			2be	ESBL	A
A	CTX-M-39		CTX-M-25-like	AKJ18890	KP975074	16251320 (DOI)	view			2be	ESBL	A
A	CTX-M-40		CTX-M-8-like	AAV28215	AY750914	16697557 (DOI)	view			2be	ESBL	A
A	CTX-M-41		CTX-M-25-like	AAY43008	DQ023162	18487232 (DOI)	view			2be	ESBL	A
A	CTX-M-42		CTX-M-1-like	AAY84742	DQ061159	—(—)	view			2be	ESBL	A
A	CTX-M-43		CTX-M-2-like	AAZ14955	DQ102702	16510850 (DOI)	view			2be	ESBL	A
A	CTX-M-44	Toho-1	CTX-M-2-like	BAA07082	D37830	8619581 (DOI)	view	25	8	2be	ESBL	A
A	CTX-M-45*	Toho-2	CTX-M-9-like	BAA28282	D89862	9593147 (—)	view			2be	ESBL	A
A	CTX-M-46		CTX-M-9-like	AAV97956	AY847147	16082008 (DOI) 16333139 (DOI)	view			2be	ESBL	A
A	CTX-M-47		CTX-M-9-like	AAV97952	AY847143	16082008 (DOI) 16333139 (DOI)	view			2be	ESBL	A
A	CTX-M-48		CTX-M-9-like	AAV97953	AY847144	16082008 (DOI) 16333139 (DOI)	view			2be	ESBL	A
A	CTX-M-49		CTX-M-9-like	AAV97954	AY847145	16082008 (DOI) 16333139 (DOI)	view			2be	ESBL	A
A	CTX-M-50		CTX-M-9-like	AAV97955	AY847146	16082008 (DOI) 16333139 (DOI)	view			2be	ESBL	A
A	CTX-M-51		CTX-M-9-like	ABA62022	DQ211987	—(—)	view			2be	ESBL	A
A	CTX-M-52		CTX-M-1-like	ABB17185	DQ223685	—(—)	view			2be	ESBL	A
A	CTX-M-53		CTX-M-1-like	ABB72225	DQ268764	19273683 (DOI)	view			2be	ESBL	A
A	CTX-M-54		CTX-M-1-like	ABC18328	DQ303459	16785225 (DOI)	view			2be	ESBL	A
A	CTX-M-55	CTX-M-57	CTX-M-1-like	ABI34705	DQ885477	17449211 (DOI) 18054206 (DOI) 26169409 (DOI)	view			2be	ESBL	A
A	CTX-M-56		CTX-M-2-like	ABN48311	EF374097	17548490 (DOI)	view			2be	ESBL	A
A	CTX-M-57	CTX-M-55		—	—	—(—)						
A	CTX-M-58		CTX-M-1-like	ABM97538	EF210159	—(—)	view			2be	ESBL	A
A	CTX-M-59		CTX-M-2-like	ABD73290	DQ408762	18347108 (DOI)	view			2be	ESBL	A
A	CTX-M-60		CTX-M-1-like	CAL80726	AM411407	—(—)	view			2be	ESBL	A
A	CTX-M-61		CTX-M-1-like	ABN09669	EF219142	—(—)	view			2be	ESBL	A
A	CTX-M-62		CTX-M-1-like	ABP04245	EF219134	22252811 (DOI)	view			2be	ESBL	A
A	CTX-M-63		CTX-M-8-like	BAD90119	AB205197	—(—)	view			2be	ESBL	A
A	CTX-M-64		CTX-M-1-like	ACU87985	GQ300937	18955524 (DOI) 26169409 (DOI)	view	6		2be	ESBL	A
A	CTX-M-65		CTX-M-9-like	ABN51008	EF394372	—(—)	view			2be	ESBL	A
A	CTX-M-66		CTX-M-1-like	ABQ45409	EF576988	17913434 (DOI)	view			2be	ESBL	A
A	CTX-M-67		CTX-M-9-like	ABS90365	EF581888	18775649 (DOI)	view			2be	ESBL	A
A	CTX-M-68		CTX-M-1-like	ABV81082	EU177100	19748232 (DOI)	view			2be	ESBL	A
A	CTX-M-69		CTX-M-1-like	ABY91281	EU402393	21940649 (DOI)	view			2be	ESBL	A
A	CTX-M-70			Withdrawn								
A	CTX-M-71		CTX-M-1-like	ACV92002	FJ815436	19620330 (DOI)	view			2be	ESBL	A
A	CTX-M-72		CTX-M-1-like	AAV97957	AY847148	19590148 (DOI)	view			2be	ESBL	A
A	CTX-M-73		CTX-M-9-like	ABC69156	DQ343292		view			2be	ESBL	A
A	CTX-M-74		CTX-M-2-like	ACS32293	GQ149243	19748435 (DOI)	view			2be	ESBL	A
A	CTX-M-75		CTX-M-2-like	ACS32294	GQ149244	19748435 (DOI)	view			2be	ESBL	A
A	CTX-M-76	KLUA-15		—	—	—(—)	view					
A	CTX-M-77	KLUA-16		—	—	—(—)	view					
A	CTX-M-78	KLUG-4		—	—	—(—)	view					
A	CTX-M-79		CTX-M-1-like	ABO09821	EF426798	18772941 (DOI)	view			2be	ESBL	A
A	CTX-M-80		CTX-M-1-like	ABW86620	EU202673	19294528 (DOI)	view			2be	ESBL	A
A	CTX-M-81		CTX-M-9-like	ABV57756	EU136031	19294528 (DOI)	view			2be	ESBL	A
A	CTX-M-82		CTX-M-1-like	ABB59946	DQ256091	19297379 (DOI)	view			2be	ESBL	A
A	CTX-M-83		CTX-M-9-like	ACI29345	FJ214366	18984647 (DOI)	view			2be	ESBL	A
A	CTX-M-84		CTX-M-9-like	ACI29346	FJ214367	18984647 (DOI)	view			2be	ESBL	A
A	CTX-M-85		CTX-M-9-like	ACI29347	FJ214368	18984647 (DOI)	view			2be	ESBL	A
A	CTX-M-86		CTX-M-9-like	ACI29348	FJ214369	18984647 (DOI)	view			2be	ESBL	A
A	CTX-M-87		CTX-M-9-like	ACB41777	EU545409	19429759 (DOI)	view			2be	ESBL	A
A	CTX-M-88		CTX-M-1-like	ACP18863	FJ873739	19785534 (DOI)	view			2be	ESBL	A
A	CTX-M-89		CTX-M-25-like	ACR56321	FJ971899	19587301 (DOI)	view			2be	ESBL	A
A	CTX-M-90		CTX-M-9-like	ACX50627	GQ896553	—(—)	view			2be	ESBL	A
A	CTX-M-91		CTX-M-25-like	ACX34099	GQ870432	—(—)	view			2be	ESBL	A
A	CTX-M-92		CTX-M-2-like	ACY74743	GU127598	20576750 (DOI)	view			2be	ESBL	A
A	CTX-M-93		CTX-M-9-like	ADN26580	HQ166709	21343457 (DOI)	view			2b + CAZ	Broad-spectrum	A
A	CTX-M-94		CTX-M-25-like	ADK11041	HM167760	23050014 (DOI)	view			2be	ESBL	A
A	CTX-M-95	KLUA-17		—	—	—(—)	view					
A	CTX-M-96	CTX-M-12a	CTX-M-1-like	KTK23935	LPQT01000020	—(—)	view	1		2be	ESBL	A
A	CTX-M-97		CTX-M-2-like	ADM08178	HM776707	23117265 (DOI)	view	5		2be	ESBL	A
A	CTX-M-98		CTX-M-9-like	ADO17948	HM755448	22325120 (DOI)	view			2be	ESBL	A
A	CTX-M-99		CTX-M-9-like	ADL27532	HM803271	—(—)	view			2be	ESBL	A
A	CTX-M-100		CTX-M-25-like	CBW46935	FR682582	23050014 (DOI)	view			2be	ESBL	A
A	CTX-M-101		CTX-M-1-like	ADY02545	HQ398214	24999233 (DOI)	view			2be	ESBL	A
A	CTX-M-102		CTX-M-9-like	ADY02546	HQ398215	22325120 (DOI)	view			2be	ESBL	A
A	CTX-M-103		CTX-M-1-like	CDG50843	HG423149	23926164 (DOI)	view			2be	ESBL	A
A	CTX-M-104		CTX-M-9-like	ADA81876	GU226840	22325120 (DOI)	view			2be	ESBL	A
A	CTX-M-105		CTX-M-9-like	ADY02554	HQ833651	22407683 (DOI)	view			2be	ESBL	A
A	CTX-M-106	CTX-M-P45		—	—							
A	CTX-M-107	CTX-M-P4		—	—							
A	CTX-M-108	CTX-M-P5		—	—							
A	CTX-M-109	CTX-M-P6		—	—							
A	CTX-M-110		CTX-M-9-like	AEM44648	JF274242	21859815 (DOI)	view			2be	ESBL	A
A	CTX-M-111		CTX-M-9-like	AEM44649	JF274243	21859815 (DOI)	view			2be	ESBL	A
A	CTX-M-112		CTX-M-9-like	AEM44652	JF274246	21859815 (DOI)	view			2be	ESBL	A
A	CTX-M-113		CTX-M-9-like	AEM44653	JF274247	21859815 (DOI)	view			2be	ESBL	A
A	CTX-M-114		CTX-M-1-like	ACU00153	GQ351346	—(—)	view			2be	ESBL	A
A	CTX-M-115	KLUA-14		—	—	—(—)	view					
A	CTX-M-116		CTX-M-1-like	AEI70324	JF966749	23318795 (DOI)	view			2be	ESBL	A
A	CTX-M-117		CTX-M-1-like	AET99223	JN227085	23127481 (DOI)	view			2be	ESBL	A
A	CTX-M-118			Withdrawn								
A	CTX-M-119			Assigned								
A	CTX-M-120			Assigned								
A	CTX-M-121		CTX-M-9-like	AFA51699	JN790862	24999233 (DOI)	view			2be	ESBL	A
A	CTX-M-122		CTX-M-9-like	AFA51700	JN790863	—(—)	view			2be	ESBL	A
A	CTX-M-123		CTX-M-1-like	AFA51701	JN790864	23752509 (DOI) 26169409 (DOI)	view			2be	ESBL	A
A	CTX-M-124	KLUA-1,KLUA-3,KLUA-4,KLUA-12		—	—	—(—)	view					
A	CTX-M-125		CTX-M-9-like	AFO69261	JQ724542	32868328 (DOI)	view			2be	ESBL	A
A	CTX-M-126		CTX-M-9-like	BAL72196	AB703103	22843833 (DOI)	view			2be	ESBL	A
A	CTX-M-127		CTX-M-1-like	ARX70572	MF196229		view				ESBL	A
A	CTX-M-128			Assigned								
A	CTX-M-129		CTX-M-9-like	AFJ59956	JX017364	—(—)	view			2be	ESBL	A
A	CTX-M-130		CTX-M-9-like	AFJ59957	JX017365	—(—)	view			2be	ESBL	A
A	CTX-M-131		CTX-M-2-like	AEW46676	JN969893	25583719 (DOI)	view			2be	ESBL	A
A	CTX-M-132		CTX-M-1-like	AFQ94051	JX313020	23952362 (DOI) 26169409 (DOI)	view			2be	ESBL	A
A	CTX-M-133	CTX-M-3,KLUB-1		—	—	—(—)						
A	CTX-M-134		CTX-M-9-like	AFX60298	JX896165	—(—)	view			2be	ESBL	A
A	CTX-M-135			Assigned								
A	CTX-M-136		CTX-M-1-like	AMP17732	KU760765	—(—)	view			2be	ESBL	A
A	CTX-M-137		CTX-M-9-like	AHC31002	KF790923	24777903 (DOI) —(—)	view			2be	ESBL	A
A	CTX-M-138		CTX-M-1-like	AHA80107	KF526119	24916079 (DOI)	view			2be	ESBL	A
A	CTX-M-139		CTX-M-1-like	AFY98865	KC107824	—(—)	view			2be	ESBL	A
A	CTX-M-140		CTX-M-9-like	WP_063108644	NG_068166		view				ESBL	A
A	CTX-M-141		CTX-M-2-like	AGN11769	KC964871	—(—)	view			2be	ESBL	A
A	CTX-M-142		CTX-M-1-like	AGW25368	KF240809	—(—)	view			2be	ESBL	A
A	CTX-M-143		CTX-M-1-like	QGN18754	MN715319		view				ESBL	A
A	CTX-M-144		CTX-M-1-like	AHX39588	KJ020573	24999233 (DOI)	view			2be	ESBL	A
A	CTX-M-145			Assigned								
A	CTX-M-146			ARI46098	KY938173		view				ESBL	A
A	CTX-M-147		CTX-M-9-like	AHA80961	KF513180	—(—)	view			2be	ESBL	A
A	CTX-M-148		CTX-M-9-like	AHX39589	KJ020574	24999233 (DOI)	view			2be	ESBL	A
A	CTX-M-149			Withdrawn								
A	CTX-M-150		CTX-M-1-like	AHF20911	KF769131		view			2be	ESBL	A
A	CTX-M-151		CTX-M-151-like	BAP34782	AB916359	33431411 (DOI)	view	2		2be	ESBL	A
A	CTX-M-152	KLUG-2		—	—	—(—)	view					
A	CTX-M-153		CTX-M-1-like	QIM14702	MT156338		view				ESBL	A
A	CTX-M-154		CTX-M-1-like	PNS00289	JQGM01000063		view				ESBL	A
A	CTX-M-155		CTX-M-1-like	AIS67611	KM211508	—(—)	view			2be	ESBL	A
A	CTX-M-156		CTX-M-1-like	AIS67612	KM211509	—(—)	view			2be	ESBL	A
A	CTX-M-157		CTX-M-1-like	AIS67613	KM211510	—(—)	view			2be	ESBL	A
A	CTX-M-158		CTX-M-1-like	AIT97310	KM211691	25414200 (DOI)	view			2be	ESBL	A
A	CTX-M-159		CTX-M-9-like	BAP18874	AB976602	—(—)	view			2be	ESBL	A
A	CTX-M-160		CTX-M-25-like	AJO16046	KP050493		view			2be	ESBL	A
A	CTX-M-161		CTX-M-9-like	AJU57235	KP128034		view			2be	ESBL	A
A	CTX-M-162		CTX-M-1-like	AKO63213	KP681697		view			2be	ESBL	A
A	CTX-M-163		CTX-M-1-like	AKO63214	KP681698		view			2be	ESBL	A
A	CTX-M-164		CTX-M-1-like	AKR53959	KP727571		view			2be	ESBL	A
A	CTX-M-165		CTX-M-2-like	AKR53960	KP727572		view			2be	ESBL	A
A	CTX-M-166		CTX-M-1-like	ANA76436	KU978909	28377638 (DOI)	view			2be	ESBL	A
A	CTX-M-167		CTX-M-1-like	ALJ77593	KR537428		view			2be	ESBL	A
A	CTX-M-168		CTX-M-9-like	ALJ94049	KR537429		view			2be	ESBL	A
A	CTX-M-169		CTX-M-1-like	ALL29307	KR779864		view			2be	ESBL	A
A	CTX-M-170		CTX-M-1-like	ALK03059	KR822223		view			2be	ESBL	A
A	CTX-M-171		CTX-M-2-like	ALR99814	KT277545	—(—)	view			2be	ESBL	A
A	CTX-M-172		CTX-M-1-like	AKS25179	KT251041	—(—)	view			2be	ESBL	A
A	CTX-M-173		CTX-M-1-like	ALM96711	KT997884	—(—)	view			2be	ESBL	A
A	CTX-M-174		CTX-M-9-like	ALM96713	KT997886	—(—)	view			2be	ESBL	A
A	CTX-M-175		CTX-M-1-like	ALM96714	KT997887	—(—)	view			2be	ESBL	A
A	CTX-M-176		CTX-M-1-like	ALM96715	KT997888	—(—)	view			2be	ESBL	A
A	CTX-M-177		CTX-M-1-like	ALM96716	KT997889	—(—)	view			2be	ESBL	A
A	CTX-M-178		CTX-M-1-like	AMB17206	KU586457		view				ESBL	A
A	CTX-M-179		CTX-M-1-like	AMJ17432	KU705393	—(—)	view			2be	ESBL	A
A	CTX-M-180		CTX-M-1-like	AMY95406	KX056899	—(—)	view			2be	ESBL	A
A	CTX-M-181		CTX-M-1-like	AMY95407	KX056900	—(—)	view			2be	ESBL	A
A	CTX-M-182		CTX-M-1-like	AMY95408	KX056901	—(—)	view			2be	ESBL	A
A	CTX-M-183		CTX-M-1-like	ANH52938	KX263246		view			2be	ESBL	A
A	CTX-M-184		CTX-M-1-like	ANH52939	KX263247		view			2be	ESBL	A
A	CTX-M-185	KLUG-3		—	—	—(—)	view					
A	CTX-M-186		CTX-M-1-like	ANN89336	KX446939		view			2be	ESBL	A
A	CTX-M-187		CTX-M-1-like	ANY40236	KX621166		view				ESBL	A
A	CTX-M-188		CTX-M-1-like	AOA70434	KX676491		view			2be	ESBL	A
A	CTX-M-189		CTX-M-1-like	ACN39712	FJ657512		view			2be	ESBL	A
A	CTX-M-190		CTX-M-1-like	AOF41435	KX664469		view			2be	ESBL	A
A	CTX-M-191		CTX-M-9-like	APG33172	KY271097		view				ESBL	A
A	CTX-M-192		CTX-M-9-like	APG33173	KY271098		view				ESBL	A
A	CTX-M-193		CTX-M-1-like	AQM40188	KY563766		view			2be	ESBL	A
A	CTX-M-194		CTX-M-1-like	AQM40189	KY563767		view			2be	ESBL	A
A	CTX-M-195		CTX-M-9-like	AQM40190	KY563768		view			2be	ESBL	A
A	CTX-M-196		CTX-M-9-like	AQM40191	KY563769		view			2be	ESBL	A
A	CTX-M-197		CTX-M-1-like	AQT03461	KY646303		view				ESBL	A
A	CTX-M-198		CTX-M-9-like	AQT03462	KY646304		view				ESBL	A
A	CTX-M-199		CTX-M-1-like	ARA73610	KY786032		view				ESBL	A
A	CTX-M-200		CTX-M-2-like	ASC62381	KY997188		view				ESBL	A
A	CTX-M-201		CTX-M-9-like	ASC62382	KY997189		view				ESBL	A
A	CTX-M-202		CTX-M-1-like	ARX71248	MF195067		view				ESBL	A
A	CTX-M-203		CTX-M-1-like	ARX70573	MF196230		view				ESBL	A
A	CTX-M-204		CTX-M-1-like	ARX71259	MF281085		view				ESBL	A
A	CTX-M-205	KLUG-5		—	—	—(—)						
A	CTX-M-206		CTX-M-1-like	AIC64344	KJ802520		view				ESBL	A
A	CTX-M-207		CTX-M-1-like	BBC20336	LC348384		view				ESBL	A
A	CTX-M-208		CTX-M-1-like	AVP74333	MH067958		view				ESBL	A
A	CTX-M-209		CTX-M-1-like	AVP74334	MH067959		view				ESBL	A
A	CTX-M-210		CTX-M-1-like	AVP74335	MH067960		view				ESBL	A
A	CTX-M-211		CTX-M-1-like	AVP74336	MH067961		view				ESBL	A
A	CTX-M-212		CTX-M-1-like	AVP74337	MH067962		view				ESBL	A
A	CTX-M-213	KLUY-5		—	—	—(—)						
A	CTX-M-214		CTX-M-9-like	AVT50863	MH121688		view				ESBL	A
A	CTX-M-215		CTX-M-9-like	AWB15832	MH230880	32868328 (DOI)	view				ESBL	A
A	CTX-M-216		CTX-M-1-like	AWI33306	MH243352		view				ESBL	A
A	CTX-M-217		CTX-M-25-like	AWI33308	MH243354		view				ESBL	A
A	CTX-M-218		CTX-M-1-like	AWI33312	MH243358		view				ESBL	A
A	CTX-M-219		CTX-M-9-like	AUJ48449	CP019080		view				ESBL	A
A	CTX-M-220		CTX-M-1-like	AWU66425	MH450163		view				ESBL	A
A	CTX-M-221		CTX-M-9-like	AWY87618	MH538139		view				ESBL	A
A	CTX-M-222		CTX-M-1-like	AXI82473	MH685905		view				ESBL	A
A	CTX-M-223		CTX-M-9-like	AXV45344	MH814718		view				ESBL	A
A	CTX-M-224		CTX-M-1-like	AYJ76543	MK033739		view				ESBL	A
A	CTX-M-225		CTX-M-1-like	QBO66647	MK628510		view				ESBL	A
A	CTX-M-226		CTX-M-1-like	QBX33278	MK704279		view				ESBL	A
A	CTX-M-227		CTX-M-1-like	QDM39442	MN104597		view				ESBL	A
A	CTX-M-228		CTX-M-1-like	QDY98372	MN219695		view				ESBL	A
A	CTX-M-229		CTX-M-2-like	QED08956	MN267698		view				ESBL	A
A	CTX-M-230		CTX-M-1-like	QFR38187	MN550980		view				ESBL	A
A	CTX-M-231		CTX-M-1-like	QFR38188	MN550981		view				ESBL	A
A	CTX-M-232		CTX-M-1-like	QFR38189	MN550982		view				ESBL	A
A	CTX-M-233		CTX-M-9-like	QFR38190	MN550983		view				ESBL	A
A	CTX-M-234		CTX-M-1-like	QIM14701	MT156337		view				ESBL	A
A	CTX-M-235		CTX-M-9-like	QIM59618	MT210560		view				ESBL	A
A	CTX-M-236		CTX-M-1-like	QGV92445	CP044378		view				ESBL	A
A	CTX-M-237		CTX-M-1-like	QNG62073	MT872414		view				ESBL	A
A	CTX-M-238		CTX-M-1-like	QNG62074	MT872415		view				ESBL	A
A	CTX-M-239		CTX-M-9-like	QNG62075	MT872416		view				ESBL	A
A	CTX-M-240		CTX-M-9-like	MBB0415530	JAAMGZ010000068		view				ESBL	A
A	CTX-M-241		CTX-M-9-like	QNG62077	MT872418		view				ESBL	A
A	CTX-M-242		CTX-M-9-like	QNS30067	MT969044		view				ESBL	A
A	CTX-M-243		CTX-M-9-like	QPO25386	MW345818		view				ESBL	A
A	CTX-M-244		CTX-M-1-like	QRN47891	MW385261		view				ESBL	A
A	CTX-M-245		CTX-M-1-like	QSL96845	MN928785		view				ESBL	A
A	CTX-M-246		CTX-M-1-like	QVO43831	MZ092824		view				ESBL	A
A	CTX-M-247			Assigned								
A	CTX-M-248			Assigned								
A	CTX-M-249			Assigned								
A	CTX-M-250			Assigned								
A	CTX-M-251		CTX-M-1-like	UBL87559	OK217281		view				ESBL	N (Klebsiella oxytoca)
A	CTX-M-252		CTX-M-9-like	MCI4971862	JALEFN010000066		view				ESBL	A
A	CTX-M-253		CTX-M-2-like	BAM76258	AB770487		view				ESBL	A
A	CTX-M-254		CTX-M-1-like	UTS94240	ON651487		view				ESBL	A
A	CTX-M-255		CTX-M-9-like	MCP3487290	JANAIJ010000077		view				ESBL	A
A	CTX-M-256		CTX-M-1-like	UUF82537	OP081688		view				ESBL	A
A	CTX-M-257		CTX-M-1-like	UVW30758	OP297846		view				ESBL	A
A	CTX-M-258		CTX-M-1-like	UXG78560	OP346113		view				ESBL	A
A	CTX-M-259		CTX-M-1-like	UXY93308	OP572233		view				ESBL	A
A	CTX-M-P4		CTX-M-1-like	AEM44650	JF274244	21859815 (DOI)	view			2be	ESBL	A
A	CTX-M-P5		CTX-M-1-like	AEM44651	JF274245	21859815 (DOI)	view			2be	ESBL	A
A	CTX-M-P6		CTX-M-1-like	AEM44654	JF274248	21859815 (DOI)	view			2be	ESBL	A
A	CTX-M-P44		CTX-M-1-like	AAF93177	AY005110	—(—)	view			2be	ESBL	A
A	CTX-M-P45		CTX-M-9-like	ADZ31262	HQ913565	21612511 (DOI)	view			2be	ESBL	A
A	GES-1			ADN96169	HM370522	10681329 (DOI)	view	2		2f	ESBL	A
A	GES-2			KJX27876	JZKY01000067	11502535 (DOI)	view	3		2f	Carbapenemase	A
A	GES-3			BAD06399	AB113580	15155185 (DOI)	view			2f	ESBL	A
A	GES-4			BAD08689	AB116260	15273099 (DOI)	view			2f	Carbapenemase	A
A	GES-5			AKP49275	KR014105	15135524 (DOI)	view	6		2f	Carbapenemase	A
A	GES-6			ANS91867	KX230795	15135524 (DOI)	view			2f	Carbapenemase	A
A	GES-7	IBC-1		ADU79013	HM453325	10952563 (DOI)	view			2f	ESBL	A
A	GES-8	IBC-2		AAK18183	AF329699	11679551 (DOI)	view			2f	ESBL	A
A	GES-9			AAY43207	AY920928	16048994 (DOI)	view			2f	ESBL	A
A	GES-10			ACS73598	FJ820124	19459951 (DOI)	view			2f	ESBL	A
A	GES-11			ACR39368	FJ538287	19451292 (DOI)	view	1		2f	ESBL	A
A	GES-12			ADP21506	HM622145	22908160 (DOI)	view			2f	ESBL	A
A	GES-13			ACZ54536	GU169702	20065056 (DOI)	view			2f	ESBL	A
A	GES-14			ADC91899	GU207844	20805394 (DOI)	view	1		2f	Carbapenemase	A
A	GES-15			ACZ98826	GU208678	—(—)	view			2f	Carbapenemase	A
A	GES-16			ADJ94120	HM173356	29861147 (DOI)	view			2f	Carbapenemase	A
A	GES-17			ADZ48685	HQ874631	—(—)	view			2f	ESBL	A
A	GES-18			AEX59144	JQ028729	23114760 (DOI)	view	1		2f	Carbapenemase	A
A	GES-19			AEZ05107	JN596280	22526300 (DOI)	view			2f	ESBL	A
A	GES-20			YP_006953606	NC_019081	22526300 (DOI)	view			2f	Carbapenemase	A
A	GES-21			AFK80745	JQ772478	—(—)	view			2f	Carbapenemase	A
A	GES-22			AFU25739	JX023441	25267671 (DOI) 27168312 (DOI)	view			2f	ESBL	A
A	GES-23			AGT20529	KF179354		view			2f	ESBL	A
A	GES-24			BAP75641	AB901141	—(—)	view			2f	Carbapenemase	A
A	GES-25			ALE31310	KT732289	—(—)	view			2f		A
A	GES-26			AJP67510	KP096411	—(—)	view			2f		A
A	GES-27			ALN67755	KT151556	—(—)	view			2f		A
A	GES-28			ALC74967	KT626944	—(—)	view			2f		A
A	GES-29			ALM96712	KT997885	—(—)	view			2f		A
A	GES-30			BAU51851	LC126615	—(—)	view			2f		A
A	GES-31			AMY16492	KX034181	—(—)	view			2f		A
A	GES-32			AOE46846	KX753225	—(—)	view			2f		A
A	GES-33			ARB50425	KY783911		view					A
A	GES-34			AUM56802	MG748726		view					A
A	GES-35			AWN81339	MH388469		view					A
A	GES-36			BBE28626	LC385763		view					A
A	GES-37			BBE28627	LC385764		view					A
A	GES-38			AXQ11874	MH780082		view				ESBL	A
A	GES-39			AXQ11875	MH780083		view				Carbapenemase	A
A	GES-40			AYP70147	MK105833		view					A
A	GES-41			QCO90782	MK880227		view					A
A	GES-42			QDC28519	MN065796		view					A
A	GES-43			QDY98368	MN219691		view					A
A	GES-44			QIM14706	MT160807		view					A
A	GES-45			BCH68487	LC558356		view					A
A	GES-46			QPN97000	MW295358		view					A
A	GES-47			BCT36862	LC612389		view				Carbapenemase	A
A	GES-48			BCT36863	LC612390		view				Carbapenemase	A
A	GES-49			BCY26593	LC637995		view				Carbapenemase	A
A	GES-50			BDB58072	LC654878		view				Carbapenemase	A
A	GES-51			BBV94593	AP022467		view				Carbapenemase	A
A	GES-52			UOM32505	ON166564		view				ESBL	A
A	GES-53			UQM94989	ON418962		view				Carbapenemase	A
A	GES-54			BDI54505	LC709174		view				Carbapenemase	A
A	GES-55			UUF81220	ON714048		view					A
A	GES-56			UUT09019	OP158701		view					A
A	GES-57			UYS49421	OP716785		view					A
B1	IMP-1			ABK27309	EF027105	8141584 (DOI)	view	26	20	3a	Carbapenemase	A
B1	IMP-2			CAB94707	AJ243491	10770756 (DOI)	view	1		3a	Carbapenemase	A
B1	IMP-3	MET-1		BAA77393	AB010417	10898670 (DOI) 9627953 (DOI)	view			3a	Carbapenemase	A
B1	IMP-4			AAK13078	AF244145	11181348 (DOI)	view			3a	Carbapenemase	A
B1	IMP-5			AAK27847	AF290912	12393197 (DOI)	view			3a	Carbapenemase	A
B1	IMP-6			BAM62797	AB753460	11302793 (DOI)	view	2		3a	Carbapenemase	A
B1	IMP-7			AAK12087	AF318077	11751148 (DOI)	view			3a	Carbapenemase	A
B1	IMP-8	IMP-47		ABG82195	DQ845788	11451699 (DOI)	view			3a	Carbapenemase	A
B1	IMP-9			ACM66938	FJ655384	16377710 (DOI) 23716048 (DOI)	view			3a	Carbapenemase	A
B1	IMP-10			BAB72071	AB074435	12019129 (DOI)	view			3a	Carbapenemase	A
B1	IMP-11			BAB72072	AB074436		view			3a	Carbapenemase	A
B1	IMP-12			CAD12765	AJ420864	12709317 (DOI)	view			3a	Carbapenemase	A
B1	IMP-13			KDF30439	JMUP01000026	12951335 (DOI)	view	6		3a	Carbapenemase	A
B1	IMP-14			AHY18660	KJ406505		view			3a	Carbapenemase	A
B1	IMP-15			AAT49070	AY553333	18362195 (DOI)	view			3a	Carbapenemase	A
B1	IMP-16			CAE48334	AJ584652	15561846 (DOI)	view			3a	Carbapenemase	A
B1	IMP-17			CAD55935	AJ512502		view			3a	Carbapenemase	A
B1	IMP-18			AAV49162	AY780674	16723605 (DOI)	view	1		3a	Carbapenemase	A
B1	IMP-19			BAD89183	AB201263	17938180 (DOI)	view			3a	Carbapenemase	A
B1	IMP-20			BAD81061	AB196988		view			3a	Carbapenemase	A
B1	IMP-21			BAD89802	AB204557		view			3a	Carbapenemase	A
B1	IMP-22			BAM62879	AB754495	19270313 (DOI)	view			3a	Carbapenemase	A
B1	IMP-23			ABD85195	DQ417222		view			3a	Carbapenemase	A
B1	IMP-24			ABM68358	EF192154	18804966 (DOI)	view			3a	Carbapenemase	A
B1	IMP-25			ACB41775	EU541448	23006757 (DOI)	view			3a	Carbapenemase	A
B1	IMP-26			ABC24668	DQ307573	20463166 (DOI)	view			3a	Carbapenemase	A
B1	IMP-27			AEH41427	JF894248	27503648 (DOI)	view	1		3a	Carbapenemase	A
B1	IMP-28			ADU33210	HQ263342	22668859 (DOI)	view			3a	Carbapenemase	A
B1	IMP-29			ADT63777	HQ438058	22290960 (DOI)	view			3a	Carbapenemase	A
B1	IMP-30			AJQ17574	KM589497	23836186 (DOI)	view			3a	Carbapenemase	A
B1	IMP-31			AGS82587	KF148593	25835992 (DOI)	view			3a	Carbapenemase	A
B1	IMP-32			AFR33816	JQ002629		view			3a	Carbapenemase	A
B1	IMP-33			AEU17778	JN848782	24041889 (DOI)	view			3a	Carbapenemase	A
B1	IMP-34			AKA21047	KM877517	23541689 (DOI)	view			3a	Carbapenemase	A
B1	IMP-35			AFO59566	JF816544	23341129 (DOI)	view			3a	Carbapenemase	A
B1	IMP-36			Assigned							Carbapenemase	
B1	IMP-37			AFP97028	JX131372	23089049 (DOI)	view			3a	Carbapenemase	A
B1	IMP-38			AEN75249	HQ875573		view			3a	Carbapenemase	A
B1	IMP-39			QBC73593	MK507818		view			3a	Carbapenemase	A
B1	IMP-40			BAM62794	AB753457		view			3a	Carbapenemase	A
B1	IMP-41			BAM62795	AB753458		view			3a	Carbapenemase	A
B1	IMP-42			BAM62793	AB753456		view			3a	Carbapenemase	A
B1	IMP-43			BAM98935	AB777500	23836174 (DOI)	view			3a	Carbapenemase	A
B1	IMP-44			BAM98942	AB777501	23836174 (DOI)	view			3a	Carbapenemase	A
B1	IMP-45			ABY60377	EU352796	24777897 (DOI)	view			3a	Carbapenemase	A
B1	IMP-46			QBC73594	MK507819		view				Carbapenemase	A
B1	IMP-47	IMP-8		—	—	—(—)						
B1	IMP-48			AIT76110	KM087857		view			3a	Carbapenemase	A
B1	IMP-49			AKO63210	KP681694		view			3a	Carbapenemase	A
B1	IMP-50			Assigned							Carbapenemase	A
B1	IMP-51			BAQ56016	LC031883		view			3a	Carbapenemase	A
B1	IMP-52			BAR80870	LC055762		view			3a	Carbapenemase	A
B1	IMP-53			ADI49230	HM106457		view			3a	Carbapenemase	A
B1	IMP-54			ALN95135	KU052795		view			3a	Carbapenemase	A
B1	IMP-55			ALO79334	KT935306		view			3a	Carbapenemase	A
B1	IMP-56			ALT53802	KU315553		view			3a	Carbapenemase	A
B1	IMP-57			Assigned							Carbapenemase	A
B1	IMP-58			AMJ16609	KU647281		view			3a	Carbapenemase	A
B1	IMP-59			ANC95010	KX196782		view			3a	Carbapenemase	A
B1	IMP-60			BAV14383	LC159227		view			3a	Carbapenemase	A
B1	IMP-61			ANQ38580	KX462700		view			3a	Carbapenemase	A
B1	IMP-62			AOE46845	KX753224		view			3a	Carbapenemase	A
B1	IMP-63			AOR06148	KX821663	30886610 (DOI)	view			3a	Carbapenemase	A
B1	IMP-64			AOV81905	KX949735		view			3a	Carbapenemase	A
B1	IMP-65			APM84539	KY315991	31270990 (DOI)	view				Carbapenemase	A
B1	IMP-66			BAV78863	LC190726		view				Carbapenemase	A
B1	IMP-67			ARX71247	MF281100		view				Carbapenemase	A
B1	IMP-68			ASU31903	MF669572	31666316 (DOI)	view				Carbapenemase	A
B1	IMP-69			ATJ25943	MF678349	32176782 (DOI)	view				Carbapenemase	A
B1	IMP-70			AUM56801	MG748725		view				Carbapenemase	A
B1	IMP-71			AUS29441	MG818167		view				Carbapenemase	A
B1	IMP-72			Assigned							Carbapenemase	A
B1	IMP-73			AVK78200	MH021848		view				Carbapenemase	A
B1	IMP-74			AWI33303	MH243349		view				Carbapenemase	A
B1	IMP-75			AWI33304	MH243350		view				Carbapenemase	A
B1	IMP-76			BBE43066	LC389062		view				Carbapenemase	A
B1	IMP-77			BBE43067	LC389063		view				Carbapenemase	A
B1	IMP-78			BBE43068	LC389064		view				Carbapenemase	A
B1	IMP-79			AXH79883	MG873561		view				Carbapenemase	A
B1	IMP-80			BBG06478	LC420635		view				Carbapenemase	A
B1	IMP-81			QDC28548	MN017299		view				Carbapenemase	A
B1	IMP-82			QDC28549	MN057782		view				Carbapenemase	A
B1	IMP-83			QDM39440	MN104595		view				Carbapenemase	A
B1	IMP-84			QDY98369	MN219692		view				Carbapenemase	A
B1	IMP-85			QEV89919	MN510335		view				Carbapenemase	A
B1	IMP-86			QIZ64888	MT241520		view				Carbapenemase	A
B1	IMP-87			QIZ64889	MT241521		view				Carbapenemase	A
B1	IMP-88			BCH68486	LC558310		view				Carbapenemase	A
B1	IMP-89			QIZ22804	MN961670		view				Carbapenemase	A
B1	IMP-90			QTG68658	MW811441		view				Carbapenemase	A
B1	IMP-91			QMX80023	CP059995		view				Carbapenemase	A
B1	IMP-92			UJT87582	OM280335		view				Carbapenemase	A
B1	IMP-93			MCF1770911	JAKEVW010000034		view				Carbapenemase	A
B1	IMP-94			UKC75980	OM460740		view				Carbapenemase	A
B1	IMP-95			UNN26052	OM933716		view				Carbapenemase	A
B1	IMP-96			MBC4797580	JACNSP010000038		view				Carbapenemase	A
B1	IMP-97			BDR24828	LC727551		view				Carbapenemase	A
B1	IMP-98			BDU49371	LC740578		view				Carbapenemase	A
A	KPC-1	KPC-2		—	—	—(—)						
A	KPC-2	KPC-1		OBR18659	LDDY01000008	11257029 (DOI) 12615876 (DOI)	view	58	14	2f	Carbapenemase	A
A	KPC-3			AIL25506	KJ748372	15561858 (DOI)	view	2		2f	Carbapenemase	A
A	KPC-4			KDF02556	JMUK01000029	19015357 (DOI) 23114770 (DOI)	view	5		2f	Carbapenemase	A
A	KPC-5			KTH61645	LPOR01000022	19015357 (DOI) 23114770 (DOI)	view			2f	Carbapenemase	A
A	KPC-6			ACB71165	EU555534	22908150 (DOI)	view			2f	Carbapenemase	A
A	KPC-7			ACE62798	EU729727	20513702 (DOI)	view			2f	Carbapenemase	A
A	KPC-8			ACI95258	FJ234412	—(—)	view			2f	Carbapenemase	A
A	KPC-9	KPC-23		—	—	—(—)	view					
A	KPC-10			ACS35345	GQ140348	20038618 (DOI)	view			2f	Carbapenemase	A
A	KPC-11			ADH95186	HM066995	21670192 (DOI) 22322349 (DOI)	view			2f	Carbapenemase	A
A	KPC-12			ADZ75468	HQ641422	33595757 (DOI)	view			2f	Carbapenemase	A
A	KPC-13			AEA73284	HQ342889		view			2f	Carbapenemase	A
A	KPC-14			AFV48348	JX524191		view			2f	Carbapenemase	A
A	KPC-15			AGF70638	KC433553		view			2f	Carbapenemase	A
A	KPC-16			AGJ01153	KC465199		view			2f	Carbapenemase	A
A	KPC-17			AGJ01154	KC465200		view			2f	Carbapenemase	A
A	KPC-18			ALV83364	KT884517		view			2f	Carbapenemase	A
A	KPC-19			AIH07017	KJ775801		view			2f	Carbapenemase	A
A	KPC-20			ATM29810	MF772496		view			2f	Carbapenemase	A
A	KPC-21			CEF57509	LN609376		view			2f	Carbapenemase	A
A	KPC-22			AIX87991	KM379100		view			2f	Carbapenemase	A
A	KPC-23	KPC-9		AWU66461	MH450213	22964247 (DOI)	view			2f	Carbapenemase	A
A	KPC-24			AKQ06274	KR052099		view			2f	Carbapenemase	A
A	KPC-25			ALS19383	KU216748		view			2f	Carbapenemase	A
A	KPC-26			ANY26940	KX619622		view			2f	Carbapenemase	A
A	KPC-27			AOR05747	KX828722		view			2f	Carbapenemase	A
A	KPC-28			APG42690	KY282958		view			2f	Carbapenemase	A
A	KPC-29			AQM40193	KY563764		view				Carbapenemase	A
A	KPC-30			AQT03460	KY646302		view				Carbapenemase	A
A	KPC-31			OKK72649	MAPH01000113		view				Carbapenemase	A
A	KPC-32			OKL07573	MAPO01000050		view				Carbapenemase	A
A	KPC-33			AUD37084	CP025144		view				Carbapenemase	A
A	KPC-34			AMS25623	KU985429		view				Carbapenemase	A
A	KPC-35			AWR93230	MH404098		view				Carbapenemase	A
A	KPC-36			AXC08545	MH593787		view				Carbapenemase	A
A	KPC-37			AXL13972	MH718730		view				Carbapenemase	A
A	KPC-38			AYP70144	MK098861		view				Carbapenemase	A
A	KPC-39			AYR04937	MK118771		view				Carbapenemase	A
A	KPC-40			RDT05676	QRBR01000058		view				Carbapenemase	A
A	KPC-41			QBC36180	MK497255	31527032 (DOI)	view				Carbapenemase	A
A	KPC-42			QBC75465	MK467612		view				Carbapenemase	A
A	KPC-43			QBO66649	MK628511		view				Carbapenemase	A
A	KPC-44			QCF59390	MK823188		view				Carbapenemase	A
A	KPC-45			QDM39441	MN104596		view				Carbapenemase	A
A	KPC-46			QED08959	MN267701		view				Carbapenemase	A
A	KPC-47			QEO76001	MN422012		view				Carbapenemase	A
A	KPC-48			QEO76002	MN422013		view				Carbapenemase	A
A	KPC-49			MBK3326017	WIRG01000024	33466574 (DOI)	view				Carbapenemase	A
A	KPC-50			QGJ02578	MN654342		view				Carbapenemase	A
A	KPC-51			QGT31448	MN725731		view				Carbapenemase	A
A	KPC-52			QGT31449	MN725732		view				Carbapenemase	A
A	KPC-53			MUT87649	WNWP01000038	33106265 (DOI)	view				Carbapenemase	A
A	KPC-54			QHA33651	MN854706		view				Carbapenemase	A
A	KPC-55			QIS31290	MT028409	33133036 (DOI)	view				Carbapenemase	A
A	KPC-56			OVG32154	NDBX01000081		view				Carbapenemase	A
A	KPC-57			QJD09264	MT358626		view				Carbapenemase	A
A	KPC-58			QJX44695	MT463289		view				Carbapenemase	A
A	KPC-59			QJX44696	MT463290		view				Carbapenemase	A
A	KPC-60			QJX44698	MT482411		view				Carbapenemase	A
A	KPC-61			QBH72505	MK559426		view				Carbapenemase	A
A	KPC-62			QKV50745	MT604163		view				ESBL	A
A	KPC-63			QKV50746	MT604164		view				ESBL	A
A	KPC-64			QKV50747	MT604165		view				ESBL	A
A	KPC-65			QKV50748	MT604166		view				ESBL	A
A	KPC-66			QNC69631	MT833884		view				ESBL	A
A	KPC-67			QMU31921	MT809697		view					A
A	KPC-68			QMU31938	MT809698		view					A
A	KPC-69			QMU32012	MT809700		view					A
A	KPC-70			QMU32028	MT809701		view					A
A	KPC-71			Assigned								
A	KPC-72			QNC69632	MT833885		view				ESBL	A
A	KPC-73			QNC69633	MT833886		view				ESBL	A
A	KPC-74			QMX41377	MT856045		view				Carbapenemase	A
A	KPC-75			QNL15886	MT920645		view				Carbapenemase	A
A	KPC-76			Assigned								
A	KPC-77			Assigned								
A	KPC-78			QPO25385	MW319056	35461077 (DOI)	view				Carbapenemase	A
A	KPC-79			QPL19131	MT875328		view					A
A	KPC-80			QQL91944	MW444845		view				Carbapenemase	A
A	KPC-81			QQL91945	MW444846		view				Carbapenemase	A
A	KPC-82			MBL4562904	JAERIK010000005	33972237 (DOI)	view				Carbapenemase	A
A	KPC-83			QRM14288	MW581775		view				Carbapenemase	A
A	KPC-84			QSE38127	MW657985		view				Carbapenemase	A
A	KPC-85			QTV25836	MW896839		view				Carbapenemase	A
A	KPC-86			QUR41142	MZ067229		view				Carbapenemase	A
A	KPC-87			QUR41143	MZ067230		view				Carbapenemase	A
A	KPC-88			QUR41144	MZ067231		view				Carbapenemase	A
A	KPC-89			QWW21252	MZ401141		view				Carbapenemase	A
A	KPC-90			QWW21253	MZ404504		view				Carbapenemase	A
A	KPC-91			QWW21254	MZ404505		view				Carbapenemase	A
A	KPC-92			QXG83132	MZ461464		view					A
A	KPC-93			QYZ75849	MZ569034	35416703 (DOI)	view				Carbapenemase	A
A	KPC-94			QYE52346	MZ646140		view				Carbapenemase	A
A	KPC-95			QYE52347	MZ646141		view				Carbapenemase	A
A	KPC-96			UAY85936	OK086970		view				Carbapenemase	A
A	KPC-97			UAY85937	OK086971		view				Carbapenemase	A
A	KPC-98			UAZ57792	MZ893466		view				Carbapenemase	A
A	KPC-99			UBJ91320	OK086803		view				Carbapenemase	A
A	KPC-100			URC16703	ON521726		view				Carbapenemase	A
A	KPC-101			UBJ91322	OK086805		view				Carbapenemase	A
A	KPC-102			UDU33959	OK652013		view				Carbapenemase	A
A	KPC-103			UFK32670	OL445423		view				Carbapenemase	A
A	KPC-104			UFK32671	OL445424		view				Carbapenemase	A
A	KPC-105			UFK32673	OL445426		view				Carbapenemase	A
A	KPC-106			UFK32675	OL445428		view				Carbapenemase	A
A	KPC-107			UFK32672	OL445425		view				Carbapenemase	A
A	KPC-108			UFK32674	OL445427		view				Carbapenemase	A
A	KPC-109			Assigned								
A	KPC-110			UIH96895	CP100313		view					A
A	KPC-111			UIX50813	OL744330		view					A
A	KPC-112			UIY90578	OM177660		view				Carbapenemase	A
A	KPC-113			ULU82276	OM728506	36252790 (DOI)	view				Carbapenemase	A
A	KPC-114			ULU82277	OM728507		view				Carbapenemase	A
A	KPC-115			ULU82668	OM714909		view					A
A	KPC-116			ULU82669	OM729575		view				Carbapenemase	A
A	KPC-117			UNN26047	OM933711		view				Carbapenemase	A
A	KPC-118			UNN26048	OM933712		view				Carbapenemase	A
A	KPC-119			UNN26049	OM933713		view				Carbapenemase	A
A	KPC-120			UNN26051	OM933715		view				Carbapenemase	A
A	KPC-121			UNN26053	OM933717		view				Carbapenemase	A
A	KPC-122			UNN26056	OM933720		view				Carbapenemase	A
A	KPC-123			UNN26644	ON012820		view				Carbapenemase	A
A	KPC-124			Assigned								
A	KPC-125			UPJ08584	CP095778		view				Carbapenemase	A
A	KPC-126			UPY21302	OM830488		view				Carbapenemase	A
A	KPC-127			URC16702	ON521725		view				Carbapenemase	A
A	KPC-128			URC16704	ON521727		view				Carbapenemase	A
A	KPC-130			MCP2579610	JAMZRN010000028		view				Carbapenemase	A
A	KPC-131			USQ89943	ON823194		view				Carbapenemase	A
A	KPC-132			UUF81222	OP081092		view					A
A	KPC-133			UUG60968	OP081531		view				Carbapenemase	A
A	KPC-134			UVJ69199	OP293349		view					A
A	KPC-135			UVV34299	OP205646		view					A
A	KPC-136			Assigned								
A	KPC-137			Assigned								
A	KPC-138			UXO98494	OP432320		view				ESBL	A
A	KPC-139			UXO99692	OP503887		view				Carbapenemase	A
A	KPC-140			UXO99693	OP503888		view				Carbapenemase	A
A	KPC-141			UXO99694	OP503889		view				Carbapenemase	A
A	KPC-142			UXO99695	OP503890		view				Carbapenemase	A
A	KPC-143			UXO99696	OP503891		view				Carbapenemase	A
A	KPC-144			QTX16880	MW440447		view				Carbapenemase	A
A	KPC-145			UYF23564	OP626310		view					A
A	KPC-146			UZC76861	OP696903		view				Carbapenemase	A
A	KPC-147			UZC76862	OP696904		view				Carbapenemase	A
A	KPC-148			WP_264254632	NG_148625		view					A
A	KPC-149			Assigned								
A	KPC-150			Assigned								
A	KPC-151			UZQ18806	OP823148		view				ESBL	A
A	KPC-152			Assigned								
A	KPC-153			UZZ47414	OP884096		view				ESBL	A
B1	NDM-1			AHM26723	KJ018857	19770275 (DOI)	view	120	2	3a	Carbapenemase	A
B1	NDM-2			AEA41876	JF703135	21427107 (DOI) 32014252 (DOI)	view			3a	Carbapenemase	A
B1	NDM-3			AFK80349	JQ734687	23330550 (DOI)	view	2		3a	Carbapenemase	A
B1	NDM-4			AFB82585	JQ348841	22252797 (DOI)	view	3		3a	Carbapenemase	A
B1	NDM-5			ANE23847	KX062216	21930874 (DOI)	view	2		3a	Carbapenemase	A
B1	NDM-6			AEX08599	JN967644	23731823 (DOI)	view	2		3a	Carbapenemase	A
B1	NDM-7			AKN35289	KP826705	23557929 (DOI)	view	1		3a	Carbapenemase	A
B1	NDM-8			AJE61442	KP265938	23459485 (DOI)	view	1		3a	Carbapenemase	A
B1	NDM-9			AGU91756	KC999080	24913967 (DOI)	view	1		3a	Carbapenemase	A
B1	NDM-10			AGT37351	KF361506	26776144 (DOI)	view			3a	Carbapenemase	A
B1	NDM-11			AJE61443	KP265939		view			3a	Carbapenemase	A
B1	NDM-12			BAO79439	AB926431	25092693 (DOI)	view	2		3a	Carbapenemase	A
B1	NDM-13			BAQ02518	LC012596	26169399 (DOI)	view			3a	Carbapenemase	A
B1	NDM-14			AJP18054	KM210086	25645836 (DOI)	view			3a	Carbapenemase	A
B1	NDM-15			AKF43458	KP735848		view			3a	Carbapenemase	A
B1	NDM-16			AKZ20823	KP862821		view			3a	Carbapenemase	A
B1	NDM-16b			AMO51458	KU285430		view			3a	Carbapenemase	A
B1	NDM-17			AOT73359	KX812714		view			3a	Carbapenemase	A
B1	NDM-18			APZ75411	KY503030		view			3a	Carbapenemase	A
B1	NDM-19			ASC49561	MF370080	31285120 (DOI)	view			3a	Carbapenemase	A
B1	NDM-20			AQY45923	KY654092	29515538 (DOI)	view				Carbapenemase	A
B1	NDM-21			ATJ25942	MG183694	29912337 (DOI)	view				Carbapenemase	A
B1	NDM-22			AWI33311	MH243357		view				Carbapenemase	A
B1	NDM-23			AWU66462	MH450214		view				Carbapenemase	A
B1	NDM-24			AWU66463	MH450215		view				Carbapenemase	A
B1	NDM-25			AYF56302	MH986670		view				Carbapenemase	A
B1	NDM-26			AYN72942	MK079575		view				Carbapenemase	A
B1	NDM-27			AYP70146	MK105832		view				Carbapenemase	A
B1	NDM-28			QAT97614	MK425035		view				Carbapenemase	A
B1	NDM-29			QFZ95817	MN624980	34659178 (DOI)	view				Carbapenemase	A
B1	NDM-30			QPK66974	MW306748		view				Carbapenemase	A
B1	NDM-31			QPK66975	MW306749		view				Carbapenemase	A
B1	NDM-32			Assigned								
B1	NDM-33			MCA0463598	JAGTHW010000086		view				Carbapenemase	A
B1	NDM-34			QVU28093	MZ254705		view				Carbapenemase	A
B1	NDM-35			QVU28098	MZ265788		view				Carbapenemase	A
B1	NDM-36			MBT0741168	JAHAWN010000063		view				Carbapenemase	A
B1	NDM-37			MBT0809506	JAHAWM010000071		view				Carbapenemase	A
B1	NDM-38			QWO25674	MZ359766		view				Carbapenemase	A
B1	NDM-39			QYZ89892	MZ748325		view				Carbapenemase	A
B1	NDM-40			QYZ89893	MZ748326		view				Carbapenemase	A
B1	NDM-41			UAX43328	MZ913436		view				Carbapenemase	A
B1	NDM-42			UOU25745	ON205946		view				Carbapenemase	A
B1	NDM-43			UTQ48691	ON954084		view				Carbapenemase	A
B1	NDM-44			UVJ50740	OP288001		view				Carbapenemase	A
B1	NDM-45			UZC76856	OP696898		view				Carbapenemase	A
B1	NDM-46			UZC76857	OP696899		view				Carbapenemase	A
B1	NDM-47			UZC76858	OP696900		view				Carbapenemase	A
B1	NDM-48			UZC76860	OP696902		view				Carbapenemase	A
A	PER-1		PER-1-like	ABQ10556	EF535600	8141562 (DOI)	view	1		2be	ESBL	A
A	PER-2		PER-2-like	CAL64954	AM409516	8851581 (—)	view	4		2be	ESBL	A
A	PER-3		PER-1-like	AFS44728	JX128136	—(—)	view			2be	ESBL	A
A	PER-4		PER-1-like	AMR36451	KU133341		view			2be	ESBL	A
A	PER-5		PER-1-like	ACN22483	FJ627180		view			2be	ESBL	A
A	PER-6		PER-2-like	ADD80743	GQ396303	20145085 (DOI)	view			2be	ESBL	A
A	PER-7		PER-1-like	AEI54993	HQ713678	21383087 (DOI)	view			2be	ESBL	A
A	PER-8		PER-1-like	BAP39824	AB985401	28031203 (DOI)	view			2be	ESBL	A
A	PER-9		PER-1-like	BAU25894	LC110323		view			2be	ESBL	A
A	PER-10		PER-1-like	EKA64008	AMGG01000070		view				ESBL	A
A	PER-11		PER-1-like	AEH59675	HQ386849		view				ESBL	A
A	PER-12		PER-1-like	PCQ35791	NXKD01000046		view				ESBL	A
A	PER-13		PER-1-like	QBA86171	MK492254		view				ESBL	A
A	PER-14		PER-2-like	QGN18750	MN715315		view				ESBL	A
A	PER-15		PER-1-like	QIM14679	MT135154		view				ESBL	A
A	PER-16		PER-1-like	MBL1396112	JAERTU010000008		view				ESBL	A
A	SHV-1	PIT-2	SHV-like	AAV38100	AY787643	2221867 (DOI) 10582889 (—) 3260490 (—)	view	44	15	2b	Broad-spectrum	A
A	SHV-1b-b		SHV-like	AAZ98828	DQ166783		view					A
A	SHV-2		SHV-like	AAD37413	AF148851	2201259 (DOI) 10582889 (—)	view			2be	ESBL	A
A	SHV-2a		SHV-like	ABI81407	DQ889460	9145849 (—)	view			2be	ESBL	A
A	SHV-3		SHV-like	ANA06389	KX092356	2694951	view	1		2be	ESBL	N (Klebsiella pneumoniae)
A	SHV-4	CAZ-5	SHV-like	SPD96731	LT985229	2694955 (DOI)	view			2be		A
A	SHV-5		SHV-like	ABW70408	EF653399	2088203	view			2be	ESBL	A
A	SHV-6	SHV-P9		—	—		view					
A	SHV-7		SHV-like	ERP00116	AXLK01000004	7785992	view			2be	ESBL	N (Enterobacter sp. MGH 14)
A	SHV-8		SHV-like	AAB51384	U92041	9056008	view			2be	ESBL	N (Escherichia coli)
A	SHV-9	SHV-5a	SHV-like	AAB37395	S82452	8674992	view			2be		A
A	SHV-10	IRS		Assigned	—	9087500 (—)	view			2br		
A	SHV-11	SHV-1-2a	SHV-like	AAP43779	AY293069	9145849	view	1		2b	Broad-spectrum	A
A	SHV-12	SHV-5-2a	SHV-like	AAP20889	AY259163	16678992 (DOI)	view			2be	ESBL	A
A	SHV-13		SHV-like	AAD43815	AF164577	10722518	view			2be	ESBL	N (Klebsiella pneumoniae)
A	SHV-14		SHV-like	AAG17550	AF226622	11120985	view			2b	Broad-spectrum	N (Klebsiella pneumoniae)
A	SHV-15		SHV-like	CAB37325	AJ011428		view			2be	ESBL	N (Escherichia coli)
A	SHV-16		SHV-like	AAC98092	AF072684	11502518	view			2be	ESBL	N (Klebsiella pneumoniae)
A	SHV-17			Withdrawn								
A	SHV-18		SHV-like	ACG63555	EU684753	10952583 (DOI)	view			2be	ESBL	N (Acinetobacter baumannii)
A	SHV-19	SHV-P53		—	—							
A	SHV-20	SHV-P54		—	—							
A	SHV-21	SHV-P55		—	—							
A	SHV-22	SHV-P46		—	—							
A	SHV-23	SHV-P44		—	—							
A	SHV-24		SHV-like	BAA84973	AB023477	10817740 (DOI)	view			2be	ESBL	N (Escherichia coli)
A	SHV-25		SHV-like	AAF37209	AF208796	11502506 (DOI)	view			2b	Broad-spectrum	N (Klebsiella pneumoniae)
A	SHV-26		SHV-like	AAF36719	AF227204	11502506 (DOI)	view			2br	Broad-spectrum	N (Klebsiella pneumoniae)
A	SHV-27		SHV-like	AAG01039	AF293345	11266422 (DOI)	view			2be	ESBL	N (Klebsiella pneumoniae)
A	SHV-28		SHV-like	AAG15384	AF299299	19172061 (—)	view			?		A
A	SHV-29		SHV-like	AAG49894	AF301532	11257029 (DOI)	view			?		N (Klebsiella pneumoniae)
A	SHV-30		SHV-like	AAT75225	AY661885	16251316 (DOI)	view			2be	ESBL	A
A	SHV-31		SHV-like	AAP33454	AY277255	17178800 (DOI)	view			2be	ESBL	N (Klebsiella pneumoniae)
A	SHV-32		SHV-like	AAK69828	AY037778	11557480 (DOI)	view			2b	Broad-spectrum	N (Klebsiella pneumoniae)
A	SHV-33		SHV-like	AAK69829	AY037779	11557480 (DOI)	view			2b	Broad-spectrum	N (Klebsiella pneumoniae)
A	SHV-34		SHV-like	AAK64187	AY036620		view			2be	ESBL	A
A	SHV-35		SHV-like	AAL68926	AY070258		view			?		A
A	SHV-36		SHV-like	AAL82592	AF467947		view			?		A
A	SHV-37		SHV-like	AAL82593	AF467948		view			?		N (Klebsiella pneumoniae)
A	SHV-38		SHV-like	AAL79576	AY079099	12543688 (DOI)	view			2be	Carbapenemase	N (Klebsiella pneumoniae)
A	SHV-39	SHV-P2		—	—							
A	SHV-40		SHV-like	AAN04882	AF535128	15047521 (DOI)	view			2be	ESBL	N (Klebsiella pneumoniae)
A	SHV-41		SHV-like	AAN04883	AF535129	15047521 (DOI)	view			2be	ESBL	N (Klebsiella pneumoniae)
A	SHV-42		SHV-like	AAN04884	AF535130	15047521 (DOI)	view			2be	ESBL	N (Klebsiella pneumoniae)
A	SHV-43		SHV-like	AAL40899	AY065991	12543694 (DOI)	view			2b	Broad-spectrum	A
A	SHV-44		SHV-like	AAP82228	AY259119	14576109 (DOI)	view			2b	Broad-spectrum	N (Klebsiella pneumoniae)
A	SHV-45		SHV-like	AAN39364	AF547625		view			2be	ESBL	N (Klebsiella pneumoniae)
A	SHV-46		SHV-like	AAO53445	AY210887	14638498 (DOI)	view			2be	ESBL	N (Klebsiella oxytoca)
A	SHV-47			Withdrawn								
A	SHV-48		SHV-like	AAP03063	AY263404	19075050 (DOI)	view			2b	Broad-spectrum	N (Klebsiella pneumoniae)
A	SHV-49		SHV-like	AAS98184	AY528718	15504885 (DOI)	view			2br	Broad-spectrum	N (Klebsiella pneumoniae)
A	SHV-50		SHV-like	AAP41108	AY288915		view			?		N (Klebsiella pneumoniae)
A	SHV-51		SHV-like	AAP41944	AY289548		view			?		N (Klebsiella pneumoniae)
A	SHV-52		SHV-like	AEJ08681	HQ845196		view			?		N (Klebsiella pneumoniae)
A	SHV-53	SHV-P35		—	—							
A	SHV-54			Assigned								
A	SHV-55		SHV-like	AAY51674	DQ054528		view			2be	ESBL	N (Klebsiella pneumoniae)
A	SHV-56		SHV-like	ACB73258	EU586041	18663019 (DOI)	view			2br	Broad-spectrum	N (Klebsiella pneumoniae)
A	SHV-57		SHV-like	AAO66446	AY223863	15673739 (DOI)	view			2be	ESBL	A
A	SHV-58			Assigned								
A	SHV-59		SHV-like	AAV66328	AY790341		view			?		A
A	SHV-60		SHV-like	BAF92780	AB302939	19272757 (DOI)	view			2b	Broad-spectrum	N (Klebsiella pneumoniae)
A	SHV-61		SHV-like	CAI30650	AJ866284	19272757 (DOI)	view			2b	Broad-spectrum	N (Klebsiella pneumoniae)
A	SHV-62		SHV-like	ACY68242	GU064395	19272757 (DOI)	view			2b	Broad-spectrum	N (Klebsiella pneumoniae)
A	SHV-63		SHV-like	ABY56290	EU342351		view			?		N (Klebsiella pneumoniae)
A	SHV-64		SHV-like	ABA06586	DQ174304		view			2be	ESBL	N (Klebsiella pneumoniae)
A	SHV-65		SHV-like	ABA06587	DQ174305		view			?	ESBL	N (Klebsiella pneumoniae)
A	SHV-66		SHV-like	ABA06588	DQ174306		view			2be	ESBL	N (Klebsiella pneumoniae)
A	SHV-67		SHV-like	ABA06589	DQ174307		view			?	ESBL	N (Klebsiella pneumoniae)
A	SHV-68			Assigned								
A	SHV-69		SHV-like	ABA06590	DQ174308		view			?	ESBL	N (Klebsiella pneumoniae)
A	SHV-70		SHV-like	AAY42633	DQ013287	16563703 (DOI)	view			2be	ESBL	A
A	SHV-71		SHV-like	CAJ47126	AM176546	19272757 (DOI)	view			2b	Broad-spectrum	N (Klebsiella pneumoniae)
A	SHV-72		SHV-like	CAJ47127	AM176547	18316518 (DOI)	view			2br	Broad-spectrum	N (Klebsiella pneumoniae)
A	SHV-73		SHV-like	CAJ47128	AM176548	19272757 (DOI)	view			2b	Broad-spectrum	N (Klebsiella pneumoniae)
A	SHV-74	IRS	SHV-like	CAJ47129	AM176549	19272757 (DOI)	view			2b	Broad-spectrum	N (Klebsiella pneumoniae)
A	SHV-75		SHV-like	CAJ47130	AM176550	19272757 (DOI)	view			2b	Broad-spectrum	N (Klebsiella pneumoniae)
A	SHV-76		SHV-like	ABM97537	EF210158	19272757 (DOI)	view			2b	Broad-spectrum	N (Klebsiella pneumoniae)
A	SHV-77		SHV-like	ABN49116	EF373975	19272757 (DOI)	view			2b	Broad-spectrum	N (Escherichia coli)
A	SHV-78		SHV-like	ACO07070	FJ685658	19272757 (DOI)	view			2b	Broad-spectrum	N (Klebsiella pneumoniae)
A	SHV-79		SHV-like	CAJ47134	AM176554	19272757 (DOI)	view			2b	Broad-spectrum	N (Klebsiella pneumoniae)
A	SHV-80		SHV-like	CAJ47135	AM176555	19272757 (DOI)	view			2b	Broad-spectrum	N (Klebsiella pneumoniae)
A	SHV-81		SHV-like	CAJ47136	AM176556	19272757 (DOI)	view			2b	Broad-spectrum	N (Klebsiella pneumoniae)
A	SHV-82		SHV-like	CAJ47137	AM176557	19272757 (DOI)	view			2b	Broad-spectrum	N (Klebsiella pneumoniae)
A	SHV-83	Superseded by SHV-204		Withdrawn								
A	SHV-84	SHV-P11,IRS		—	—							
A	SHV-85		SHV-like	ABC54571	DQ322460	18347108 (DOI)	view			2b	Broad-spectrum	N (Klebsiella pneumoniae)
A	SHV-86		SHV-like	ABC58727	DQ328802		view			2be	ESBL	A
A	SHV-87			Assigned								
A	SHV-88			Assigned								
A	SHV-89		SHV-like	ABA60809	DQ193536	18587684 (DOI)	view			2b	Broad-spectrum	A
A	SHV-90		SHV-like	—	—	17913717 (DOI)	view			2be		
A	SHV-91		SHV-like	—	—	17913717 (DOI)	view			2be		
A	SHV-92		SHV-like	ABH04327	DQ836922	18029415 (DOI)	view			?		A
A	SHV-93		SHV-like	ABN49110	EF373969		view			?		N (Klebsiella pneumoniae)
A	SHV-94		SHV-like	ABN49111	EF373970		view			?		N (Klebsiella pneumoniae)
A	SHV-95		SHV-like	ABN49113	EF373972		view			?		N (Citrobacter freundii)
A	SHV-96		SHV-like	ABN49112	EF373971		view			?		N (Acinetobacter baumannii)
A	SHV-97		SHV-like	ABN49114	EF373973		view			?		N (Enterococcus faecalis)
A	SHV-98		SHV-like	CAP58287	AM922304	21415202 (DOI)	view			2be	ESBL	N (Klebsiella pneumoniae)
A	SHV-99		SHV-like	CAP58288	AM922305	21415202 (DOI)	view			2be	ESBL	N (Klebsiella pneumoniae)
A	SHV-100		SHV-like	CAP58289	AM922306	21415202 (DOI)	view			2be		N (Klebsiella pneumoniae)
A	SHV-101		SHV-like	ABV72593	EU155018	17804424 (DOI)	view			?		N (Klebsiella pneumoniae)
A	SHV-102		SHV-like	ABS72342	EU024485	18566158 (DOI)	view			2be	ESBL	N (Escherichia coli)
A	SHV-103		SHV-like	ABS72351	EU032604	18620848 (DOI)	view			?		N (Klebsiella pneumoniae)
A	SHV-104		SHV-like	ABX71158	EU274581	24949015 (DOI)	view			2be	ESBL	A
A	SHV-105		SHV-like	ACI22621	FJ194944	19075050 (DOI)	view			2be	ESBL	N (Klebsiella pneumoniae)
A	SHV-106		SHV-like	CAQ03506	AM941847	19272757 (DOI)	view			?2be	ESBL	N (Klebsiella pneumoniae)
A	SHV-107	IRS	SHV-like	CAP58291	AM922308	19272757 (DOI) 22083476 (DOI)	view			2br	Broad-spectrum	N (Klebsiella pneumoniae)
A	SHV-108		SHV-like	ADR80606	HM751100	19272757 (DOI)	view			?		N (Klebsiella pneumoniae)
A	SHV-109		SHV-like	ACM04459	EU418913	18725449 (DOI)	view			2b	Broad-spectrum	N (Klebsiella pneumoniae)
A	SHV-110		SHV-like	AEK48093	HQ877614		view			?	ESBL	N (Klebsiella pneumoniae)
A	SHV-111		SHV-like	BAF95849	AB372881	19343954 (—)	view			?		N (Klebsiella pneumoniae)
A	SHV-112	SHV-P3		—	—							
A	SHV-113			Assigned	—		view			?		
A	SHV-114			Assigned	—		view			?		
A	SHV-115		SHV-like	QFR38191	MN550984		view			2be	ESBL	N (Klebsiella pneumoniae)
A	SHV-116		SHV-like	SYL12774	UKXT01000002		view			?		N (Klebsiella pneumoniae)
A	SHV-117			Assigned	—		view			?		
A	SHV-118			Assigned								
A	SHV-119		SHV-like	AGG14160	JX192924		view			?		N (Klebsiella pneumoniae)
A	SHV-120		SHV-like	AEG79634	JF812965		view			?		A
A	SHV-121	SHV-136	SHV-like	ACV53157	GQ428198		view			?		N (Klebsiella pneumoniae)
A	SHV-122b		SHV-like	ADR80609	HM751103	21359845 (DOI) —(—)	view			?		
A	SHV-123	SHV-P13		—	—							
A	SHV-124	SHV-P47		—	—							
A	SHV-125	SHV-P10		—	—							
A	SHV-126	SHV-P29		—	—							
A	SHV-127	SHV-P7		—	—							
A	SHV-128		SHV-like	ADE58494	GU932590		view			2be	ESBL	A
A	SHV-129		SHV-like	ADE08533	GU827715	22322349 (DOI)	view			2be	ESBL	A
A	SHV-130			Withdrawn								
A	SHV-131			Withdrawn								
A	SHV-132		SHV-like	ADU15837	GU981741		view					N (Klebsiella pneumoniae)
A	SHV-133		SHV-like	BAI94487	AB551737		view			?		N (Klebsiella pneumoniae)
A	SHV-134		SHV-like	ADM25824	HM559945		view			2be	ESBL	N (Klebsiella pneumoniae)
A	SHV-135		SHV-like	ADR66517	HQ637576		view			?		N (Escherichia coli)
A	SHV-136	SHV-121		—	—	—(—)						
A	SHV-137		SHV-like	AEI83430	HQ661363		view					N (Klebsiella pneumoniae)
A	SHV-138			Assigned								
A	SHV-139			Assigned								
A	SHV-140	SHV-P1		—	—							
A	SHV-141		SHV-like	AFC60795	JQ388884		view			2b	Broad-spectrum	N (Klebsiella pneumoniae)
A	SHV-142		SHV-like	AEX99752	JQ029959	22537112 (DOI)	view					N (Klebsiella pneumoniae)
A	SHV-143		SHV-like	AFQ32277	JQ341060		view					N (Klebsiella pneumoniae)
A	SHV-144		SHV-like	AFK93491	JQ926986		view					N (Klebsiella pneumoniae)
A	SHV-145		SHV-like	AFN88952	JX013655		view				ESBL	N (Klebsiella pneumoniae)
A	SHV-146		SHV-like	AGL91275	KC688283		view					N (Klebsiella pneumoniae)
A	SHV-147		SHV-like	AFQ23953	JX121114	23587957 (DOI)	view					N (Klebsiella pneumoniae)
A	SHV-148		SHV-like	AFQ23954	JX121115	23587957 (DOI)	view				ESBL	N (Klebsiella pneumoniae)
A	SHV-149		SHV-like	AFQ23955	JX121116	23587957 (DOI)	view					N (Klebsiella pneumoniae)
A	SHV-150		SHV-like	AFQ23956	JX121117	23587957 (DOI)	view					N (Klebsiella pneumoniae)
A	SHV-151		SHV-like	AFQ23957	JX121118	23587957 (DOI)	view					N (Klebsiella pneumoniae)
A	SHV-152		SHV-like	AFQ23958	JX121119	23587957 (DOI)	view					N (Klebsiella pneumoniae)
A	SHV-153		SHV-like	AFQ23959	JX121120	23587957 (DOI)	view					N (Klebsiella pneumoniae)
A	SHV-154		SHV-like	AFQ23960	JX121121	23587957 (DOI)	view					N (Klebsiella pneumoniae)
A	SHV-155		SHV-like	AFQ23961	JX121122	23587957 (DOI)	view					N (Klebsiella pneumoniae)
A	SHV-156		SHV-like	AFQ23962	JX121123	23587957 (DOI)	view					N (Klebsiella pneumoniae)
A	SHV-157		SHV-like	AFQ23963	JX121124	23587957 (DOI)	view					N (Klebsiella pneumoniae)
A	SHV-158		SHV-like	AFQ23964	JX121125	23587957 (DOI)	view					N (Klebsiella pneumoniae)
A	SHV-159		SHV-like	AFQ23965	JX121126	23587957 (DOI)	view					N (Klebsiella pneumoniae)
A	SHV-160		SHV-like	AFQ23966	JX121127	23587957 (DOI)	view					N (Klebsiella pneumoniae)
A	SHV-161		SHV-like	AFQ23967	JX121128	23587957 (DOI)	view					N (Klebsiella pneumoniae)
A	SHV-162		SHV-like	AFQ23968	JX121129	23587957 (DOI)	view					N (Klebsiella pneumoniae)
A	SHV-163		SHV-like	AFQ23969	JX121130	23587957 (DOI)	view					N (Klebsiella pneumoniae)
A	SHV-164		SHV-like	CCK86744	HE981194		view			2b	Broad-spectrum	N (Klebsiella pneumoniae)
A	SHV-165		SHV-like	AFQ23970	JX121131	23587957 (DOI)	view					N (Klebsiella pneumoniae)
A	SHV-166			Assigned								
A	SHV-167	Superseded by SHV-204		Withdrawn								
A	SHV-168		SHV-like	AFW16978	JX870080		view					N (Klebsiella pneumoniae)
A	SHV-169			Assigned	—		view			2b		
A	SHV-170			Assigned	—		view			2b		
A	SHV-171		SHV-like	SBF43549	FLAQ01000002		view			2b	Broad-spectrum	N (Klebsiella pneumoniae)
A	SHV-172		SHV-like	AHA80958	KF513177		view					N (Klebsiella pneumoniae)
A	SHV-173		SHV-like	AHA80959	KF513178		view					N (Klebsiella pneumoniae)
A	SHV-174			Assigned								
A	SHV-175			Assigned	—		view					
A	SHV-176			Assigned	—		view					
A	SHV-177			Assigned	—		view					
A	SHV-178		SHV-like	AHA80963	KF705209		view					N (Klebsiella pneumoniae)
A	SHV-179		SHV-like	AHA80962	KF705208		view					N (Klebsiella pneumoniae)
A	SHV-180	SHV-181	SHV-like	AJO16040	KP050487		view					N (Klebsiella pneumoniae)
A	SHV-181	SHV-180		—	—	—(—)	view					
A	SHV-182		SHV-like	AJO16042	KP050489		view					N (Klebsiella pneumoniae)
A	SHV-183		SHV-like	CDN33427	HG934764		view				ESBL	A
A	SHV-184			Assigned	—		view					
A	SHV-185		SHV-like	AIS67768	KM233164		view					N (Klebsiella pneumoniae)
A	SHV-186		SHV-like	AIS67769	KM233165		view					N (Klebsiella pneumoniae)
A	SHV-187		SHV-like	CEA29750	LN515533		view					N (Klebsiella pneumoniae)
A	SHV-188		SHV-like	CEA29751	LN515534		view					N (Klebsiella pneumoniae)
A	SHV-189		SHV-like	AJO16047	KP050494		view					N (Klebsiella pneumoniae)
A	SHV-190		SHV-like	AKK23732	KP868753		view					N (Klebsiella pneumoniae)
A	SHV-191		SHV-like	AKK23733	KP868754		view					N (Klebsiella pneumoniae)
A	SHV-192		SHV-like	Assigned	—							
A	SHV-193		SHV-like	ALI16958	KR347170		view					N (Klebsiella pneumoniae)
A	SHV-194		SHV-like	ANN24025	KX421191		view					N (Klebsiella pneumoniae)
A	SHV-195		SHV-like	ANY40232	KX619652		view					N (Klebsiella pneumoniae)
A	SHV-196		SHV-like	AOE47041	KX714286		view					N (Klebsiella pneumoniae)
A	SHV-197		SHV-like	APG53535	KT946904		view					A
A	SHV-198		SHV-like	ARX71260	MF281086		view					N (Klebsiella pneumoniae 1409130)
A	SHV-199		SHV-like	ASE05856	MF373391		view					A
A	SHV-200		SHV-like	ASY03678	MF871643		view					N (Klebsiella pneumoniae CCUG 70747)
A	SHV-201		SHV-like	ATD84845	MF804905		view					N (Klebsiella pneumoniae)
A	SHV-202		SHV-like	ATD84846	MF804906		view					N (Klebsiella pneumoniae)
A	SHV-203		SHV-like	ATJ25946	MG028656		view					N (Klebsiella pneumoniae N11-00072)
A	SHV-204		SHV-like	AWI33310	MH243356		view					N (Klebsiella pneumoniae)
A	SHV-205		SHV-like	AXV45345	MH814719		view					N (Klebsiella pneumoniae)
A	SHV-206		SHV-like	AYD75378	MH886581		view					N (Klebsiella pneumoniae)
A	SHV-207		SHV-like	AGL91272	KC688280		view					N (Klebsiella pneumoniae)
A	SHV-208		SHV-like	AYD75380	MH886583		view					N (Klebsiella pneumoniae)
A	SHV-209		SHV-like	AGL91274	KC688282		view					N (Klebsiella pneumoniae)
A	SHV-210		SHV-like	AYD75382	MH886585		view					N (Klebsiella pneumoniae)
A	SHV-211		SHV-like	AYD75384	MH886587		view					N (Klebsiella pneumoniae)
A	SHV-212		SHV-like	AYD75385	MH886588		view					N (Klebsiella pneumoniae)
A	SHV-213		SHV-like	AYD75386	MH886589		view					N (Klebsiella pneumoniae)
A	SHV-214		SHV-like	AYD75387	MH886590		view					N (Klebsiella pneumoniae)
A	SHV-215		SHV-like	AYD75388	MH886591		view					N (Klebsiella pneumoniae)
A	SHV-216		SHV-like	AYD75389	MH886592		view					N (Klebsiella pneumoniae)
A	SHV-217		SHV-like	AYD75390	MH886593		view					N (Klebsiella pneumoniae)
A	SHV-218		SHV-like	AYD75391	MH886594		view					N (Klebsiella pneumoniae)
A	SHV-219		SHV-like	AYD75392	MH886595		view					N (Klebsiella pneumoniae)
A	SHV-220		SHV-like	AYD75393	MH886596		view					N (Klebsiella pneumoniae)
A	SHV-221		SHV-like	AYD75394	MH886597		view					N (Klebsiella pneumoniae)
A	SHV-222		SHV-like	AYD75395	MH886598		view					N (Klebsiella pneumoniae)
A	SHV-223		SHV-like	AYD75396	MH886599		view					N (Klebsiella pneumoniae)
A	SHV-224		SHV-like	AYD75397	MH886600		view					N (Klebsiella pneumoniae)
A	SHV-225		SHV-like	AYD75398	MH886601		view					N (Klebsiella pneumoniae)
A	SHV-226		SHV-like	AYD75399	MH886602		view					N (Klebsiella pneumoniae)
A	SHV-227		SHV-like	AYD75400	MH886603		view					N (Klebsiella pneumoniae)
A	SHV-228		SHV-like	AYD75401	MH886604		view					N (Klebsiella pneumoniae)
A	SHV-229		SHV-like	QYZ89891	MZ748304		view				Broad-spectrum	N (Klebsiella pneumoniae)
A	SHV-230		SHV-like	UZV42324	OP762696		view					A
A	SHV-231		SHV-like	WAK12382	OP951208		view					N (Klebsiella pneumoniae)
A	SHV-P1		SHV-like	AEK80394	JN051143		view			2b		
A	SHV-P2		SHV-like	AAN77730	AY150585		view			2be		
A	SHV-P3		SHV-like	ACC99191	EU477409	21123157 (DOI)	view			?		N (Klebsiella pneumoniae)
A	SHV-P7		SHV-like	ACV32637	GQ390809		view			?		
A	SHV-P9		SHV-like	CAA71948	Y11069	9228783	view			2be		
A	SHV-P10		SHV-like	ACV32635	GQ390807		view			?		
A	SHV-P11		SHV-like	CAJ32371	AM087453	20211886 (DOI)	view			2br		
A	SHV-P13		SHV-like	ACV32633	GQ390805		view			?		
A	SHV-P17		SHV-like	AAF34335	AF117745	11120950 (DOI)	view			2b		
A	SHV-P29		SHV-like	ACV32636	GQ390808		view			?		N (Escherichia coli 5556)
A	SHV-P35		SHV-like	AAT01223	AY590467		view			?		N (Klebsiella pneumoniae)
A	SHV-P44		SHV-like	AAF34337	AF117747	15081091 (DOI)	view			?2be		
A	SHV-P46		SHV-like	AAF34336	AF117746	11120950 (DOI)	view			2b		
A	SHV-P47		SHV-like	ACV32634	GQ390806		view			?		
A	SHV-P53		SHV-like	AAF34333	AF117743	11120950 (DOI)	view			2b		
A	SHV-P54		SHV-like	AAF34334	AF117744	11120950 (DOI)	view			2b		
A	VEB-1	CEF-1		ABD49192	DQ393569	10049269 (—)	view			2be	ESBL	A
A	VEB-2			AAK29174	AY027870	11807680 (DOI)	view			2be	ESBL	A
A	VEB-3			ACX94071	GQ926879	15695687 (DOI)	view			2be	ESBL	A
A	VEB-4			ABM54868	EF136375	18292096 (DOI)	view			2be	ESBL	A
A	VEB-5			ABN80430	EF420108	—(—)	view			2be	ESBL	A
A	VEB-6			ACA34904	EU259884	19139283 (DOI)	view			2be	ESBL	A
A	VEB-7			ACO56763	FJ825622	—(—)	view			2be	ESBL	A
A	VEB-8			AGH33739	JX679208	—(—)	view			2be	ESBL	A
A	VEB-9	VEB-1a		KQG27436	LLIK01000044	11384532 (DOI)	view			2be	ESBL	A
A	VEB-10			AJH76942	KM983336		view			2be	ESBL	A
A	VEB-11			AKO63208	KP681692		view			2be	ESBL	A
A	VEB-12			AKO63209	KP681693		view			2be	ESBL	A
A	VEB-13			ALB25884	KR021283		view			2be	ESBL	A
A	VEB-14			ALB25885	KR021284		view			2be	ESBL	A
A	VEB-15			ALB25886	KR021285		view			2be	ESBL	A
A	VEB-16	VEB-1b		AAK14294	AF324834	11384532 (DOI)	view			2be	ESBL	A
A	VEB-17			AMJ32272	KU686219		view			2be	ESBL	A
A	VEB-18			ANU78819	KX539265		view				ESBL	A
A	VEB-19			ASC62380	KY997187		view				ESBL	A
A	VEB-20			AXH79873	MG717453		view				ESBL	A
A	VEB-21			AXH79874	MG717454		view				ESBL	A
A	VEB-22			QDQ43383	MN201581		view				ESBL	A
A	VEB-23			QGN18751	MN715316		view				ESBL	A
A	VEB-24			QGN18752	MN715317		view				ESBL	A
A	VEB-25			NCI67659	WUBG01000048		view				ESBL	A
A	VEB-26			QKV50749	MT614293		view				ESBL	A
A	VEB-27			QNG62078	MT872419		view				ESBL	A
A	VEB-28			QRV13259	MW598511		view				ESBL	A
A	VEB-29			QWO25673	MZ359765		view				ESBL	A
A	VEB-30			QWT89343	MZ394841		view				ESBL	A
A	VEB-31			UUU46289	OP171927		view				ESBL	A
A	TEM-1			AAP20891	AY263331	383387 (—) 6089341 (DOI) 3063608 (DOI) 15388431 (DOI)	view	83	29	2b	Broad-spectrum	A
A	TEM-2			CAJ85677	BN000925	1650734	view			2b	Broad-spectrum	A
A	TEM-3	CTX-1,TEM-14		SAQ02853	FKZZ01000044	1331747 (DOI)	view			2be	ESBL	A
A	TEM-4			CDR98216	LK391770	25691645 (DOI)	view			2be	ESBL	A
A	TEM-5	CAZ-1		WP_109963600	NG_068215		view			2be	ESBL	A
A	TEM-6			CAA41038	X57972	1665171	view			2be	ESBL	A
A	TEM-7			WP_109874025	NZ_BGKN01000023		view			2be	ESBL	A
A	TEM-8	CAZ-2		CAA46344	X65252	1416873	view			2be	ESBL	A
A	TEM-9	RHH-1		APG33178	KY271103		view			2be	ESBL	A
A	TEM-10	TEM-23,MGH-1,TEM-E3		EFJ83682	ADTP01000014	9989337	view			2be	ESBL	A
A	TEM-11	CAZ-lo		AKC98298	KP870110	15857942 (DOI)	view			2be	ESBL	A
A	TEM-12	YOU-2		KJO56189	LAAD01000027	1329636	view			2be	ESBL	A
A	TEM-13			Assigned	—		view			2b	Broad-spectrum	A
A	TEM-14	TEM-3		—	—	—(—)						
A	TEM-15			KLP91446	LEDF01000033	18245789 (DOI)	view			2be	ESBL	A
A	TEM-16	CAZ-7		CAA46346	X65254	1416873	view			2be	ESBL	A
A	TEM-17			CAA74912	Y14574	10681352 (DOI)	view			2be	ESBL	A
A	TEM-18			Assigned	—		view			2be	ESBL	A
A	TEM-19			AFN21551	JX042489	23838947 (DOI)	view			2be	ESBL	A
A	TEM-20			ACB22021	EU527189	10103213	view			2be	ESBL	A
A	TEM-21			CAA76794	Y17582	10103213	view			2be	ESBL	A
A	TEM-22			CAA76795	Y17583	10103213	view			2be	ESBL	A
A	TEM-23	TEM-10		—	—	—(—)						
A	TEM-24	CAZ-6		CCG28759	FO203354	1416873	view			2be	ESBL	A
A	TEM-25	CTX-2		Assigned	—		view			2be	ESBL	A
A	TEM-26	YOU-1		KLG19745	LDCJ01000052		view			2be	ESBL	A
A	TEM-27			Assigned	—		view			2be	ESBL	A
A	TEM-28			AAC32891	U37195	8787920	view			2be	ESBL	A
A	TEM-29			CAA76796	Y17584	10103213	view			2be	ESBL	A
A	TEM-30	IRT-2,TRI-1,E-GUER		CAD24670	AJ437107	12384395	view			2br	Broad-spectrum	A
A	TEM-31	IRT-1,TRI-2,E-SAL		ARF45649	KY739237		view			2br	Broad-spectrum	A
A	TEM-32	IRT-3		CTA52364	CXLQ01000061		view			2br	Broad-spectrum	A
A	TEM-33	IRT-5		ADL13944	GU371926	20585456 (DOI) 8067742 (DOI)	view			2br	Broad-spectrum	A
A	TEM-34	IRT-6		AGQ50511	KC844056	23335113 (DOI) 8067742 (DOI)	view			2br	Broad-spectrum	A
A	TEM-35	IRT-4		AKA60778	KP860986	8067742 (DOI)	view			2br	Broad-spectrum	A
A	TEM-36	IRT-7		APT65830	KY305958	8067742 (DOI)	view			2br	Broad-spectrum	A
A	TEM-37	IRT-8		HAH6232254	DABBXO010000081	7726509 (DOI)	view			2br	Broad-spectrum	A
A	TEM-38	IRT-9		Assigned	—	7726509 (DOI)	view			2br	Broad-spectrum	A
A	TEM-39	IRT-10		QDO66746	MN175303	7726509 (DOI)	view			2br	Broad-spectrum	A
A	TEM-40	IRT-11,IRT-167		CBX53726	FR717535		view			2br	Broad-spectrum	A
A	TEM-41	IRT-12		Withdrawn								
A	TEM-42	TEM-P116		—	—							
A	TEM-43			AAC32889	U95363		view			2be	ESBL	A
A	TEM-44	IRT-13,IRT2-2		Assigned	—	8877532 (DOI)	view			2br	Broad-spectrum	A
A	TEM-45	IRT-14		CAA64682	X95401	9010136	view			2br	Broad-spectrum	A
A	TEM-46	CAZ-9		Assigned	—		view			2be	ESBL	A
A	TEM-47			CAA71322	Y10279	9517925 (—)	view			2be	ESBL	A
A	TEM-48			CAA71323	Y10280	9517925 (—)	view			2be	ESBL	A
A	TEM-49			CAA71324	Y10281	9517925 (—)	view			2be	ESBL	A
A	TEM-50	CMT-1		Assigned	—	9174192 (DOI)	view			2ber	ESBL	A
A	TEM-51	IRT-15		Assigned	—		view			2br	Broad-spectrum	A
A	TEM-52			AEC32455	JF776874	9449269 (—)	view	1		2be	ESBL	A
A	TEM-53			AAD22538	AF104441	9925535	view			2be	ESBL	A
A	TEM-54			AAD22539	AF104442	9925535	view			2br	Broad-spectrum	A
A	TEM-55			ABB97007	DQ286729		view			2b	Broad-spectrum	A
A	TEM-56			Assigned	—	10639384 (DOI)				2be	ESBL	A
A	TEM-57			ACJ43254	FJ405211	10543745 (DOI) 19574412 (DOI)	view			2b	Broad-spectrum	A
A	TEM-58			Assigned	—		view			2br	Broad-spectrum	A
A	TEM-59	IRT-17,TEM-P114		—	—							
A	TEM-60			AAC05975	AF047171	9624494 (—)	view			2be	ESBL	A
A	TEM-61	CAZ-hi		BCD58813	LC542923		view			2be	ESBL	A
A	TEM-62			Assigned								A
A	TEM-63	TEM-64		AAK17194	AF332513	11120950 (DOI)	view			2be	ESBL	A
A	TEM-64	TEM-63		—	—	—(—)						
A	TEM-65	IRT-16		—	—	10543745 (DOI)	view			2br	Broad-spectrum	A
A	TEM-66			—	—	10543745 (DOI)	view			2be	ESBL	A
A	TEM-67			AAD33116	AF091113	12499163 (DOI)	view			2br	Broad-spectrum	A
A	TEM-68	CMT-2		CAB92324	AJ239002	10817699	view			2ber	ESBL	A
A	TEM-69			Withdrawn								
A	TEM-70			AAF01046	AF188199		view			?		A
A	TEM-71			AAL03985	AF203816	12019125	view			2be	ESBL	A
A	TEM-72			AAF19151	AF157553	10952610	view	1		2be	ESBL	A
A	TEM-73	IRT-18		—	—	10543745 (DOI)	view			2br	Broad-spectrum	A
A	TEM-74	IRT-19		—	—	10543745 (DOI)	view			2br	Broad-spectrum	A
A	TEM-75	TEM-P117		—	—							
A	TEM-76	IRT-20		AAF05613	AF190694	10991849	view			2br	Broad-spectrum	A
A	TEM-77	IRT-21		AAF05614	AF190695	10991849	view			2br	Broad-spectrum	A
A	TEM-78	IRT-22		AAF05612	AF190693	10991849	view			2br	Broad-spectrum	A
A	TEM-79			AAF05611	AF190692	10991849	view			2br	Broad-spectrum	A
A	TEM-80	IRT-24		AAM15527	AF347054	11959543	view			2br	Broad-spectrum	A
A	TEM-81			AAL29433	AF427127	10991849	view			2br	Broad-spectrum	A
A	TEM-82			AAL29434	AF427128	10991849	view			2br	Broad-spectrum	A
A	TEM-83			AAL29435	AF427129	10991849	view			2br	Broad-spectrum	A
A	TEM-84			AAL29436	AF427130	10991849	view			2br	Broad-spectrum	A
A	TEM-85			CAC43229	AJ277414	15855509 (DOI)	view			2be	ESBL	A
A	TEM-86			CAC43230	AJ277415	15855509 (DOI)	view			2be	ESBL	A
A	TEM-87			AAG44570	AF250872	11850290	view			2be	ESBL	A
A	TEM-88			AAK14792	AY027590	11709362 (DOI)	view			2be	ESBL	A
A	TEM-89	CMT-3,TEM-P120		—	—							
A	TEM-90	TLE-1		AAK30619	AF351241	11557499 (DOI)	view			2b	Broad-spectrum	A
A	TEM-91			BAB16308	AB049569	12937007	view			2be	ESBL	A
A	TEM-92			AAF66653	AF143804		view			2be	ESBL	A
A	TEM-93			CAC85660	AJ318093	15855509 (DOI)	view			2be	ESBL	A
A	TEM-94			CAC85661	AJ318094	15855509 (DOI)	view			2be	ESBL	A
A	TEM-95			CAC67290	AJ308558	12234838	view			2b	Broad-spectrum	A
A	TEM-96			AAM22276	AY092401		view			?		A
A	TEM-97	IRT-6		AAK85244	AF397067		view					A
A	TEM-98			AAK85245	AF397068		view					A
A	TEM-99	IRT-2,TRI-2,E-GUER		AAK85243	AF397066		view					A
A	TEM-100			Assigned								A
A	TEM-101			AAM18924	AF495873		view			2be	ESBL	A
A	TEM-102			AAK82652	AY040093	12878521 (DOI)	view			2be	ESBL	A
A	TEM-103	IRT-28		EAC0197234	AAAGNS010000063		view			2br	Broad-spectrum	A
A	TEM-104			ADI77428	HM036340		view			?		A
A	TEM-105			AAM61953	AF516720		view			?		A
A	TEM-106			AAM52207	AY101578		view			2be	ESBL	A
A	TEM-107			AAM52215	AY101764	21911565 (DOI)	view			2be	ESBL	A
A	TEM-108			AAM28884	AF506748		view			?		A
A	TEM-109	CMT-5		AAT46413	AY628175	16189109 16251281	view			2ber	ESBL	A
A	TEM-110			AAL68923	AY072920		view			?2b	Broad-spectrum	A
A	TEM-111			AAL77062	AF468003		view			?		A
A	TEM-112			AAS89982	AY589493	15282240 (DOI)	view			2be	ESBL	A
A	TEM-113			AAS89983	AY589494	15282240 (DOI)	view			2be	ESBL	A
A	TEM-114			AAS89984	AY589495	15282240 (DOI)	view			2be	ESBL	A
A	TEM-115			AAN04881	AF535127	15047521	view			2be	ESBL	A
A	TEM-116			BAM36530	AB713995	8825372 (DOI)	view			2b	ESBL	A
A	TEM-117			PLC74546	NCLI01000117		view					A
A	TEM-118	TEM-HM,TEM-P118		—	—							
A	TEM-119			Assigned								A
A	TEM-120			AAO85882	AY243512	15047521	view			2be	ESBL	A
A	TEM-121	CMT-4		AAQ01671	AY271267		view			2ber	ESBL	A
A	TEM-122			AAQ98890	AY307100	15105100	view			2br	Broad-spectrum	A
A	TEM-123			AAQ93490	AY327539		view			2be	ESBL	A
A	TEM-124			AAQ93491	AY327540		view			2be	ESBL	A
A	TEM-125	CMT-type		AAT46414	AY628176	16801418 (DOI)	view			2ber	ESBL	A
A	TEM-126			AAT45742	AY628199	15282240 (DOI)	view			2be	ESBL	A
A	TEM-127			AAR89358	AY368236	15650379 (DOI)	view			2b	Broad-spectrum	A
A	TEM-128			AAR89359	AY368237	15650379 (DOI)	view			2b	Broad-spectrum	A
A	TEM-129			CAG34105	AJ746225	15472005 (DOI)	view			2be	ESBL	A
A	TEM-130			CAI29263	AJ866988		view			2be	ESBL	A
A	TEM-131			AAR10958	AY436361	15504851 (DOI)	view			2be	ESBL	A
A	TEM-132			BAD89187	AB201267	15980402 (DOI)	view			2be	ESBL	A
A	TEM-133			AAS19171	AY528425	15855544 (DOI)	view			2be	ESBL	A
A	TEM-134			AAS79107	AY574271	15793140 (DOI)	view			2be	ESBL	A
A	TEM-135			ADB79815	GQ149345	15731203 (DOI)	view	1		2b	Broad-spectrum	A
A	TEM-136			AAV83795	AY826417	16531430 (DOI)	view			2be	ESBL	A
A	TEM-137			CAL08007	AM286274	17561568 (DOI)	view			2be	ESBL	A
A	TEM-138			AAW47922	AY853593	16940125 (DOI)	view			2be	ESBL	A
A	TEM-139			AAZ23494	DQ072853	17382521 (DOI)	view			2be	ESBL	A
A	TEM-140			Assigned								A
A	TEM-141			AAX56615	AY956335	17881870	view			2b	Broad-spectrum	A
A	TEM-142			ABD60314	DQ388882		view			?		A
A	TEM-143			AAY85632	DQ075245		view			2be	ESBL	A
A	TEM-144			CAJ17559	AM049400	16436745 (DOI)	view			2be	ESBL	A
A	TEM-145			AAZ14083	DQ105528		view			2br	Broad-spectrum	A
A	TEM-146			AAZ14084	DQ105529		view			?		A
A	TEM-147			ABB84515	DQ279850		view			2be	ESBL	A
A	TEM-148			CAJ32372	AM087454		view			?		A
A	TEM-149			ABC96711	DQ369751	18160520 (DOI)	view			2be	ESBL	A
A	TEM-150			ACI32333	FJ349257		view			?		A
A	TEM-151	CMT-type		ABI74448	DQ834729	17220412 (DOI)	view			2ber	ESBL	A
A	TEM-152	CMT-type		ABI74447	DQ834728	17220412 (DOI)	view			2ber	ESBL	A
A	TEM-153			AGA83484	KC149518	23579192 (DOI)	view			2be	ESBL	A
A	TEM-154	CMT-type		ACO07310	FJ807656	17913717 (DOI)	view			2ber	ESBL	A
A	TEM-155			ABG77582	DQ679961	19075050 (DOI)	view			2be	ESBL	A
A	TEM-156			AML08013	CP014489		view			?		A
A	TEM-157			ABI81768	DQ909059		view			2be	ESBL	A
A	TEM-158	CMT-9		ABQ00181	EF534736	17709463 (DOI)	view			2ber	ESBL	A
A	TEM-159			ABM54869	EF136376	18292096 (DOI)	view			2br	Broad-spectrum	A
A	TEM-160			ABM54870	EF136377	18292096 (DOI)	view			2br	Broad-spectrum	A
A	TEM-161			Assigned	—		view			?		A
A	TEM-162			ABO64442	EF468463		view			?		A
A	TEM-163			ACF32746	EU815939	25444130 (DOI)	view			?2br	Broad-spectrum	A
A	TEM-164			ABX71157	EU274580	19728777 (DOI)	view			2be	ESBL	A
A	TEM-165			Assigned	—		view			?		A
A	TEM-166			ACI25375	FJ197316		view			?		A
A	TEM-167			ACJ04051	FJ360884		view			2be	ESBL	A
A	TEM-168			ACR22829	FJ919776	19687235 (DOI)	view			?2be	ESBL	A
A	TEM-169			AJC64564	KP012538	19785534 (DOI)	view			2be	ESBL	A
A	TEM-170			Assigned	—		view			?		A
A	TEM-171			BAV00618	LC142817		view	2		?		A
A	TEM-172			Assigned	—		view			?		A
A	TEM-173			Assigned	—		view			?		A
A	TEM-174			Assigned	—		view			?		A
A	TEM-175			Assigned								A
A	TEM-176			KOP91900	LIGA01000024		view			?		A
A	TEM-177			CBJ06718	FN652295	23210906 (DOI)	view			2be	ESBL	A
A	TEM-178			CAA65888	X97254	9371336	view			2ber	ESBL	A
A	TEM-179			Assigned								A
A	TEM-180			Assigned								A
A	TEM-181			AKQ12673	KM977568		view					A
A	TEM-182			ADP20705	HQ317449	23335113 (DOI)	view			2br	Broad-spectrum	A
A	TEM-183			ADR71220	HQ529916	21752977 (DOI)	view			2b	Broad-spectrum	A
A	TEM-184			CCA61905	FR848831		view			2be	ESBL	A
A	TEM-185			AEG64812	JF795538		view			2br	Broad-spectrum	A
A	TEM-186			AET99222	JN227084		view			2b	Broad-spectrum	A
A	TEM-187			ADM61585	HM246246	23478954 (DOI)	view			2be	ESBL	A
A	TEM-188			AEL17198	JN211012	22871227 (DOI)	view			2be	ESBL	A
A	TEM-189			AEL79515	JN254627		view			?		A
A	TEM-190			AEL88240	JN416112		view					A
A	TEM-191			APY23677	KY432484	22718774 (DOI)	view			?		A
A	TEM-192	TEM-P14		—	—							
A	TEM-193			AFC75523	JN935135		view					A
A	TEM-194			AFC75524	JN935136		view					A
A	TEM-195			AFC75525	JN935137		view					A
A	TEM-196			AFE48832	JQ034306		view					A
A	TEM-197			AEK48085	HQ877606		view			2be	ESBL	A
A	TEM-198			BAL68178	AB700703		view			?		A
A	TEM-199	TEM-P121		—	—							
A	TEM-200			Assigned						2be	ESBL	A
A	TEM-201			AFS44742	JX310327		view			?		A
A	TEM-202			Assigned						2be	ESBL	A
A	TEM-203			Assigned								A
A	TEM-204			ALJ78859	KR703576		view			2be	ESBL	A
A	TEM-205			AGZ20205	KC900516		view					A
A	TEM-206			AGK82336	KC783461		view			2b	Broad-spectrum	A
A	TEM-207			AAG45415	AF308742		view			2be	ESBL	A
A	TEM-208			AGL39384	KC865667		view					A
A	TEM-209			AGW25367	KF240808		view					A
A	TEM-210			AIF78090	KJ484630		view					A
A	TEM-211			AHA80960	KF513179		view			2be	ESBL	A
A	TEM-212			AHA49909	KF481968		view					A
A	TEM-213			OCN67279	LJEE02000034		view					A
A	TEM-214			AJO16044	KP050491		view					A
A	TEM-215			AJO16045	KP050492		view					A
A	TEM-216			AHJ78622	KF944358		view					A
A	TEM-217			CDN33426	HG934763		view					A
A	TEM-218			Assigned								A
A	TEM-219			AIS39742	KM114268		view					A
A	TEM-220			AIW68620	KM998962	25367903 (DOI)	view					A
A	TEM-221			Assigned								A
A	TEM-222			Assigned								A
A	TEM-223			Assigned								A
A	TEM-224			AMD11804	KU664545		view					A
A	TEM-225			APT67991	KY432403		view					A
A	TEM-226			AQT03459	KY646301		view					A
A	TEM-227			AQX83499	KY418040		view					A
A	TEM-228			ARF19528	KY851075		view					A
A	TEM-229			AUS83547	MG821356		view					A
A	TEM-230			AUT06962	MG821377		view					A
A	TEM-231			AUT06963	MG821378		view					A
A	TEM-232			AVP73880	MH079593		view					A
A	TEM-233			AWH90786	MH270416		view					A
A	TEM-234			AWI33307	MH243353		view					A
A	TEM-235			ACT97652	GQ343167		view					A
A	TEM-236			AXL10707	MH133325		view				ESBL	A
A	TEM-237			ADN79098	GQ983341		view					A
A	TEM-238			AYR04769	MK125014		view					A
A	TEM-239			MBG9969038	JADWTR010000065		view					A
A	TEM-240			QBG79064	MK529911		view					A
A	TEM-241			QDC28520	MN065797		view					A
A	TEM-242			QDY98370	MN219693		view					A
A	TEM-243			QPG87090	MW261527		view					A
A	TEM-244			QWY17601	MZ026156		view					A
A	TEM-245			ULU82600	OM617737		view					A
A	TEM-246			ULU82601	OM617738		view					A
A	TEM-247			UTS94241	ON651488		view					A
A	TEM-248			UUT29265	OP142511		view					A
A	TEM-249			UUT29266	OP142512		view					A
A	TEM-P14			AEQ59620	JF949915	22718774 (DOI)	view			?		A
A	TEM-P114			AAD45935	AF062386	10390218 (—)	view			2br	Broad-spectrum	A
A	TEM-P116			CAA66659	X98047	8913451 (—)	view			2be	ESBL	A
A	TEM-P117			AAN05028	AY130284	12354869	view			2be	ESBL	A
A	TEM-P118			AAN05029	AY130285	12354869	view			2be	ESBL	A
A	TEM-P120			AAK71474	AY039040	11709345 (DOI)	view			2ber	ESBL	A
A	TEM-P121			AFN69127	JX050178	25190354 (DOI)	view					A
B1	VIM-1		VIM-1-like	CAC35170	AJ278514	10390207 (—)	view	6		3a	Carbapenemase	A
B1	VIM-2		VIM-2-like	AAO43978	AY204637	10722487 (DOI)	view	77		3a	Carbapenemase	A
B1	VIM-3		VIM-2-like	AAG27703	AF300454	11451678 (DOI)	view			3a	Carbapenemase	A
B1	VIM-4		VIM-1-like	ACD43502	EU581706	12435718 (DOI)	view	2		3a	Carbapenemase	A
B1	VIM-5		VIM-1-like	AAX89037	AY910754	15190017 (DOI)	view	4		3a	Carbapenemase	A
B1	VIM-6		VIM-2-like	ABS29633	EF645347	15155248 (DOI)	view			3a	Carbapenemase	A
B1	VIM-7		VIM-7-like	CAD61201	AJ536835	14693560 (DOI) 18591274 (DOI)	view	7	3	3a	Carbapenemase	A
B1	VIM-8		VIM-2-like	AAS13759	AY524987	15528701 (DOI)	view			3a	Carbapenemase	A
B1	VIM-9		VIM-2-like	AAS13760	AY524988		view			3a	Carbapenemase	A
B1	VIM-10		VIM-2-like	AAS13761	AY524989		view			3a	Carbapenemase	A
B1	VIM-11		VIM-2-like	ABI20792	DQ835309	15616342 (DOI)	view			3a	Carbapenemase	A
B1	VIM-12		VIM-1-like	AAZ73123	DQ143913	16304191 (DOI)	view			3a	Carbapenemase	A
B1	VIM-13		VIM-1-like	ABC94518	DQ365886	18644957 (DOI)	view			3a	Carbapenemase	A
B1	VIM-14		VIM-1-like	AAT48653	AY635904	21521413 (DOI)	view			3a	Carbapenemase	A
B1	VIM-15		VIM-2-like	ACB54702	EU419745	18519714 (DOI)	view			3a	Carbapenemase	A
B1	VIM-16		VIM-2-like	ACB54703	EU419746	18519714 (DOI)	view			3a	Carbapenemase	A
B1	VIM-17		VIM-2-like	ABW90721	EU118148	19164147 (DOI)	view			3a	Carbapenemase	A
B1	VIM-18		VIM-2-like	CAO83029	AM778091	19164147 (DOI)	view			3a	Carbapenemase	A
B1	VIM-19		VIM-1-like	ACR15114	FJ499397	19917750 (DOI) 19901092 (DOI)	view			3a	Carbapenemase	A
B1	VIM-20		VIM-2-like	ACV13198	GQ414736		view	2		3a	Carbapenemase	A
B1	VIM-21			Assigned								
B1	VIM-22			Assigned								
B1	VIM-23		VIM-2-like	BAV32121	LC169586	20961909 (DOI)	view			3a	Carbapenemase	A
B1	VIM-24		VIM-2-like	ADL27533	HM855205	21282438 (DOI)	view			3a	Carbapenemase	A
B1	VIM-25		VIM-1-like	BAU21041	LC107421		view			3a	Carbapenemase	A
B1	VIM-26		VIM-1-like	AJT60374	KM975295	21595797 (DOI)	view	4		3a	Carbapenemase	A
B1	VIM-27		VIM-1-like	ADX78234	HQ858608	21518835 (DOI)	view			3a	Carbapenemase	A
B1	VIM-28		VIM-1-like	AEI25539	JF900599		view			3a	Carbapenemase	A
B1	VIM-29		VIM-1-like	AFP99885	JX311308		view			3a	Carbapenemase	A
B1	VIM-30		VIM-2-like	AET05999	JN129451		view			3a	Carbapenemase	A
B1	VIM-31		VIM-2-like	AFK24647	JN982330	22391550 (DOI)	view	2		3a	Carbapenemase	A
B1	VIM-32		VIM-1-like	AEZ49857	JN676230		view			3a	Carbapenemase	A
B1	VIM-33		VIM-1-like	AFP99175	JX258134	23070171 (DOI)	view			3a	Carbapenemase	A
B1	VIM-34		VIM-1-like	AFN88953	JX013656	23934739 (DOI)	view			3a	Carbapenemase	A
B1	VIM-35		VIM-1-like	AGC50805	JX982634	25267671 (DOI)	view			3a	Carbapenemase	A
B1	VIM-36		VIM-2-like	AGC50806	JX982635	24603963 (DOI)	view			3a	Carbapenemase	A
B1	VIM-37		VIM-1-like	AGC50807	JX982636	24603963 (DOI)	view			3a	Carbapenemase	A
B1	VIM-38		VIM-1-like	AGE83081	KC469971	24428980 (DOI)	view			3a	Carbapenemase	A
B1	VIM-39		VIM-1-like	AGS82586	KF131539	26369975 (DOI)	view			3a	Carbapenemase	A
B1	VIM-40		VIM-1-like	CDN33428	HG934765		view			3a	Carbapenemase	A
B1	VIM-41		VIM-2-like	AKQ98358	KP771862		view			3a	Carbapenemase	A
B1	VIM-42		VIM-1-like	AJP08641	KP071470		view			3a	Carbapenemase	A
B1	VIM-43		VIM-1-like	AJP67511	KP096412		view			3a	Carbapenemase	A
B1	VIM-44		VIM-2-like	AKO63212	KP681696		view			3a	Carbapenemase	A
B1	VIM-45		VIM-2-like	AKO63211	KP681695		view			3a	Carbapenemase	A
B1	VIM-46		VIM-2-like	AKQ98357	KP749829		view			3a	Carbapenemase	A
B1	VIM-47		VIM-1-like	ALK87206	KT954134		view			3a	Carbapenemase	A
B1	VIM-48		VIM-2-like	ALM96779	KT964061		view			3a	Carbapenemase	A
B1	VIM-49		VIM-1-like	AMD11802	KU663374		view			3a	Carbapenemase	A
B1	VIM-50		VIM-2-like	AMD11803	KU663375		view			3a	Carbapenemase	A
B1	VIM-51		VIM-2-like	AMK97465	KU746270		view			3a	Carbapenemase	A
B1	VIM-52		VIM-1-like	ANI25016	KX349731		view			3a	Carbapenemase	A
B1	VIM-53		VIM-2-like	AOP17664	KX788872		view			3a	Carbapenemase	A
B1	VIM-54		VIM-1-like	APY16324	KY508061		view			3a	Carbapenemase	A
B1	VIM-55		VIM-1-like	ATY69436	MG552720		view			3a	Carbapenemase	A
B1	VIM-56		VIM-2-like	AUT30820	MG834535		view			3a	Carbapenemase	A
B1	VIM-57		VIM-1-like	AWU66465	MH450217		view			3a	Carbapenemase	A
B1	VIM-58		VIM-2-like	AWV82454	MH479908		view			3a	Carbapenemase	A
B1	VIM-59		VIM-1-like	AWY71041	MH548439		view			3a	Carbapenemase	A
B1	VIM-60		VIM-2-like	BBF24895	LC405957		view			3a	Carbapenemase	A
B1	VIM-61		VIM-7-like	AYP70145	MK098862		view			3a	Carbapenemase	A
B1	VIM-62		VIM-2-like	AXH79879	MG717459		view			3a	Carbapenemase	A
B1	VIM-63		VIM-2-like	QCB64361	MK780742	35758752 (DOI)	view			3a	Carbapenemase	A
B1	VIM-64		VIM-1-like	QCE31562	MK807022		view			3a	Carbapenemase	A
B1	VIM-65		VIM-2-like	QCE31563	MK807023		view			3a	Carbapenemase	A
B1	VIM-66		VIM-2-like	BBJ06445	LC467967		view			3a	Carbapenemase	A
B1	VIM-67		VIM-2-like	QDM39451	MN166907		view			3a	Carbapenemase	A
B1	VIM-68		VIM-1-like	QED08960	MN267702		view			3a	Carbapenemase	A
B1	VIM-69		VIM-7-like	RZN95180	SGUI01000104		view			3a	Carbapenemase	A
B1	VIM-70		VIM-1-like	QHI08146	MN920417		view			3a	Carbapenemase	A
B1	VIM-71		VIM-1-like	QKV50751	MT588301		view			3a	Carbapenemase	A
B1	VIM-72		VIM-2-like	QNG62079	MT872420		view			3a	Carbapenemase	A
B1	VIM-73		VIM-2-like	QNG62080	MT872421		view			3a	Carbapenemase	A
B1	VIM-74		VIM-2-like	QTG68659	MW811442		view			3a	Carbapenemase	A
B1	VIM-75		VIM-1-like	QYZ89894	MZ748327		view			3a	Carbapenemase	A
B1	VIM-76		VIM-2-like	BDA82255	LC648428		view			3a	Carbapenemase	A
B1	VIM-77		VIM-2-like	UAZ67559	MZ947163		view			3a	Carbapenemase	A
B1	VIM-78		VIM-1-like	TRM49072	VJOR01000013		view			3a	Carbapenemase	A
B1	VIM-79		VIM-1-like	UBL87558	OK217280		view			3a	Carbapenemase	A
B1	VIM-80		VIM-2-like	MBB1102980	JACHQW010000003		view			3a	Carbapenemase	A
B1	VIM-81			Assigned								
B1	VIM-82		VIM-2-like	WP_238839790	NG_088450		view				Carbapenemase	A
B1	VIM-83		VIM-1-like	UWI53403	OP353772		view				Carbapenemase	A